{"file_hashes":[{"block_hashes":["AUkDdeYWJQsIDDjI1c4PimPjY3NJ7Xk9EK6Vl89vEuY=","6q+7SlrZ6rPZPUbBl8QEw28mBraAJ2ZY9mqdFWKqlJ0="],"block_size":4096,"path":"background.bundle.css"},{"block_hashes":["ugIWU4PPWdFWcHPoyDJsPuMyzQ2wWOasuVVCTw1crb4=","F9ZWF+b1Pj8nIbig/SmnAk1RaQC16jYT6knptzKPoRE=","N+P83QUzgYkGKUvnrwtfKYX0TlaySeQJP+He8/V3Qg4=","W5JMiCULsXq//FK43y4A9QSkWs0wiBQBXA45XQBM0Z0=","ayJPuyNq55bO6HORXC6eyq7/7RxcJ29ur7Zpa0kXJOk=","Uoj2bxhlZnQGEQEPtokwVHh6OrpjoIlA5Fjje+lhtx8=","e96lJkgi45swj0R8GdzOUNRmeJ/6xXeGQMGGQ8B7VcY=","EpVhA/p+MfwmvPKqzd7+tXQZuKIutECpRdzsZmRqZwA=","fF0WhHXOE8puZ/wNx8BugFJiWNVF9VyfvsfFalM7oEE=","iBW5DhhMDnKrfLjwL6pUIYVotisAHH5NrgjMYJAiU8I=","ReXKdBrD3JbkowUVaTdAGgA/OwwGSUkeJtsydIs1aNk=","BB3/tO+4siJKGy2vR0wg92pfLuG57LJPwTJLoMvia+Q=","zbx1/yXNOJfd0t4hY0mtwJzHt+rLOf6n/TIzId5tKjo=","5wwHRz+LTxBUrauF1YGaJxNXcqwvo8VHadK8LdC7aMA=","aKUUuq3s8IGqKreoiqsYwgo0y711dCEjnO6K/Rslht8=","t0FGHO3U+IQy0bMJqAQkkejTY6jI5d/d7Rmbb12+SDc=","wDZQPEzB0fSLW9AKAbzT8+NwO+SSzZD2SbxPE6y2uJY=","qQ2NC96s+flyrmjC6rA6x0pS5rjjde0P3SraLrdXkO8=","d+2repRc13A0JS3YYKpi0xUGS6StwXnMFHpGUw0BTDw=","/EW5wQbrteK5IBD7sVD33EHqVYEFP470C75xNJEzIW4=","NgNGcmJSojDzMEvYBeryakGLKxi46RtirM3G/jMAyo8=","35v98WEgwon+7w8gbvUTNedOsk4BZ3LakmdihgGXfW0=","d+d7ATspgKyC/nTsEjVxR3WLaaAKVj3RpLRsb7KpnXU=","ahOF+Cu0eZbM0Nplw3v4CMnlxvGKMzfZmn22f260Ueg=","K+AzlJJmlZqg2FV+qO8Rd5/tdOLteyTSRE+liOfj+n0=","tVl55iE5PDIgywwkyQWVUU50njlbFJC8dfX9BpWBfvw=","/FiyFfrDWL4ce/9wOSRHpKQKY7n7ugpy7eaTXal0g/I=","SNiSV9mhRgvHeBn7S8kT5RUoVVJVhxuCi26LhpIU1wQ=","TLeOrpMa6RaZdGZqTtEftC7eDdIrwtvOXyina4tVY2g=","s/qAgOrXmED5S+7A4sMgIg1Jg5Aqqz8qOX8uAlJGKMo=","s2m9lYOt2vcp1+ugJALjlmL0ZGRpkuFYmf8VfaInBxc=","TQ4fb4iupC04OyLBJevj0bsnGiRcGDKb6c9zhH2ONc4=","5CScfaAK0fNDlcL0NM1HwLDGG4cFDdF4MAogDxMYJ+g=","qYt9YOdpUG2H8HVcSJIznLi2NtYTAy1j0ao8j5ZRbPo=","OZYXu9e/Z1GP1A3TFLUjusmFFPwlHwkHw8J/ni+pVLA=","7uj35gQRYlrG6XCfEtbIpuNFhi5hWfDKJqRzDeShgTs=","FCqPNGXBH2xOzkKRi5akia1OQR7oAuLRyV5fYWvREoE="],"block_size":4096,"path":"background.bundle.js"},{"block_hashes":["dvu32OL2e35p8jvFUQz8h1GIacJF3m3q2NlryUDzK/U=","5xkLSHYNI1384OqoSZUH7nh4pINMyU90g4CDTI79Ib0=","pEUMM97FN54nxD4dp7odK4L+10BtKIBNK/5pvftz9oI=","graYtCni/+RRVPmIxYVtyz30D3CKRsYfi6CQra028b8=","bwOa1BSRVGmYLtQg0cBDmrP4Lh8HoRZWAvq9/KQPyy0=","pjqEoFgdb3GLi07DICmXWZbNpFjiJhTlBwvm8iAv0fQ=","KO7C/b/0g0cUwM9jpQQzDeUi0m/k2IL7eQmv+GohjPk="],"block_size":4096,"path":"content.bundle.js"},{"block_hashes":["AUkDdeYWJQsIDDjI1c4PimPjY3NJ7Xk9EK6Vl89vEuY=","6q+7SlrZ6rPZPUbBl8QEw28mBraAJ2ZY9mqdFWKqlJ0="],"block_size":4096,"path":"devpanel.bundle.css"},{"block_hashes":["Iel31pFWyCXPOI6W3CPpVu/tkuOt8h7ig54ad4+b6Ik=","J8OmI65iz4R1WmLsJ8ff14ZZL5eP9XgbjqbounNXRug=","soGksmbAVP1wd1xbNIY4aJ5Kfv6Nf37Sit8NcPgv/oQ=","pcRhLf1bDlOXk9HuHbUdYTL37CIfXitIAB5HLzmycaQ=","aGNe5iBEaAMgvAd7Uc7GHC/TLvaji6tfJkKS5VxdYB4=","y1zHDyxSrmkzWjT5N2oq9b4Z3+gVLX01/Hn5NZHl0Po=","HVAiLCYdzj7mq93Cpg06wwBOHdGmZlv+ohnHo29m/iQ=","KnCRhzQb5hCjlRz6K4a0d3CG7JhP3z8+AwE81GtFMRk=","OmLdNxwV8AFEBEH4lGSSHKC1W9UTbNVjaD8MGE+rcyg=","1TV9IDndiMFBLsSovIqO85272iaqkBbed5V2EDNYTe4=","gE/MXG/RGw1lsSaDok7URv9V2/pLU1P35vY9wD7yo6A=","xTeiq1M+/TgPWGEIk07tuygGdPPntmuSOzNv3vOfsDI=","Zk++dI7yXHRsLSKy3+qj/DaVXcqO49bpZAYAoVKTmJo=","khvqCVAc4+hmxZTaAKGyyXQ4VkGhXOp0lDZpGymS7Lg=","5O7Ahc1nVroDxIWeq8HkVoxfmStFWgC2m6BnGJosvAU=","xyfDSiTMcxgxqhxG/YZNNKdZCOHtCsU75mea5/FK5vw=","X4ekW2F10YNQiVC5V+MS4yDk2Sra8Ivx1yta6VXPg8g=","SUEXfrYGHpWGiy90YI26PYxLFEsk2xFSQy5jYb0Shrg=","nnroFQFp9b8fHboXOAbvy7uiiN75Qlrc3yMBDkDvUwM=","2gPdiO9R/NLl4OjuGCalYnnhkLbZGGqQIDs2yDIfXJ8=","fwkA/zrfJIZfXVe4hs2z7bXD3muhuo4hRT5g/MePjl8=","M5pT91DKXV4oUJZ37DCf7DxKCXx9eFR0Y/4uDejhkss=","qn47OKsJsI56wV/6FZQHgxXUodopmg6Gh2MuDjRS+jk=","s0NSsnUSGEctrd6lOihUukl2ketx0AiFmjkR1QNDk8o=","FOpttVSTMnx44UFRI15H1m72UpUqexojsBiHHVF98Go=","fTBXrw3cpTUzFHqKipe8NZlGpFT4nd4F8jrVFXbkG1o=","4m99c12CVwcmh2BsYSTVkDECvLGUkZo1oD8ub/av1jI=","rMNi9dEIG5sra1Q0xtp74XAacrKuPuJCED2b92Z8zOo=","GIcChLqNegXNtiA/dg+jOJ9rKk6gg4iVZB1AbcXi51w=","y/VNpsxQ3/YvSvq339SqRVm3C2hu+vp1oX/ToQXEKoc=","AGkiC20L4AAxeHbMIQnFZ+VVskyQvPpllwX3vAi2jQQ=","cEB1uoR/bkFsbrNKLICSuw4R9k/GEgFDMW6gAyWEecU=","8PkvS7CqlcGcxzE1qonv9HwwrJcSe2Q65x2NbFRzXb0=","apQ2VAYjFDMJ3VodO4UsdrIave3pvgfrGLFSRSr2cnA=","xLi+viQZc9o+TVgSrWbIFXO8khBoFmDKX4EtYWUTp1k=","ygXwvTXDqrOja2kieVw5F5cdQ7H92ExCHIRh5ibaBoM=","BBOayrN+Xn61abRpRTGthzo7K42hH5Su8T4RYASIk9Q=","q9ILiIgWqi0l1hpTgikzMBj+NEAJzYwqnwAJyebEEdM=","NgcV3V4mPfMON5yJmLqffQeIMrmvUvSRsZJIYIIcTZ4=","NlkppYzecjE/V57+Eggd8rRKE/7axmifJz6LbVkj5Ro=","ybZgCioslb51Xly5QSI1EV5X0Fd5x4o29cHOiIH6NaY=","L8VotZUpAInGxBSjJ4SreDNp2fG3isGS372G2mruISU=","BAJL76vlgfCakAjLHSpkUk/B6vSBz3Zz3LycpJ/BUPM=","T02UimTMdZCI1ekPD1MlyLS6GrU6ig0yiX3e7KnzCas=","m0C3BM05u+MiXrFfqowe8ztROB21uyeZTuU/sf2GQ/E=","I1yLIKS2Y6nacUrYMN1RQEopZFZyayxX714u5AhzZpw=","+T5zNXn7y0Tn/z7HB5S4XOHZV0y1q7cWmzNvL823yTI=","B08UHqOdSCdXpxf3P/DT13f84ewO1OPXcRoel5e4nl4=","JcYoBtnSIozqAQbF3W2agxSV1prynrlwp9YZ4ACuQpg=","kGmjuJgBeDqcrFIKaOyykGM4T7jZ1K0uAnJURsvtJoc=","9TRETa7cJF3wW7F+CSoo88xwee28ZaEieI/tXDJPhHw=","uAF1UWU20/Wmng6Lot7R3U9kyHllaEjaTgOWNdqkz1s=","yJUYZEL5O/lWZtP2xuMXrSF8Cclnn/lgIMBThjrb/Ls=","Oe5KC/An8lbVot7nYjw0rdMAT4/NTtKcNXYNfPKXSK8=","YiB2rzicWUqu6Xu1Mzw2iYsZcDJ1LJ25dmbaUvUJh2Q=","SK36toNxap2nxyhEsdA20vut69l6RyyV1Z9VSe26+RE=","IdOVtmMThSpdKqy3PoTfbQ2e6Ahce9Cpts93smayXA4=","5HwFDgzuAeLVpO2c4Fq///qtngEneQRbier+lBBEpf0=","n/vrtUsa0HAATKuXRx4xpYoGgLoIjAiEEQ6ztJ1MR4Y=","B7GOhPLuLqSapdBH9elyy/lwHrKFGhG6uhjakQF5Cko=","ij5vquBYpEzNj+hVrO1O0bcYjOMKX14YopGo8oZ4uZ8=","7Z++Z0tQ8OJAmDILBHpXCXhqo8NdhOx7dlII/PYhmEg=","C+PojOjHCWeSsSYjpxVi1/3HqCjQbb+aIXB4kXJvQZc=","ybPPOcA45KKJzmdNS7nFIr3U0n01fOeKA3Ggm9wATvA=","3ZuHUKKw3iDO8P3683/MP5C4aB1gf7ue1qLnqFL+Sr4=","EvbEgXYC/6QxU1meNHVzV9Yodqzz/lqUNmHVKEIjVlY=","Ln9ft8zqmj0B65+NvGBWEFgJ16pZeY7wQuGl3R4Etd4=","BhOOsFNeG5LxfDD9ofH7HJrVMMpA4rFRbrqkCxoASqs=","ZK3dTB94fsc43gJ72VdnfA7oyMlPYvp4VV5/Wd30BOw=","TeSC0Cz2rIm1wRqn5pc5wY04HXo9lGbMjZ+plC1+gHM=","eNP6rdYzKXVs0jQ4+4l7l/ZDC71MZoE77M7Cgyjws0E=","Ot88zNrpwVSwXa4xGnCnf9g4xHPjJPlmDqDUn59OqF8=","04A5WZf5SI9de1vnJZaVbzp044rGjtA6SX88eMykDKs=","CbHVGweIFLoQMZRjMW1Mv2YEDaw3ZvOX/cshFvCQKMM=","aThav6dapwl02961ulwpn3UA7Wsgz5MN+KC+oLu0GP8=","29VFsgTfpZc2eUwgv/GryStAx+ft5s8AUyJH2BLi37Q=","XaIsgdNSy4GjEB0V262Oe/fkjSBzxk76N2p4vQkXk0w=","1gxEOLoe6okuHBqIb1fxh2fwguFm12PDQ576z4cMeMM=","NsPKlgyB5fs2RgMHxbqsCx5hwlbVHSNKBNL23NCy6BA=","Z0mXd/TpN89UH4CX1BhruSIFoh+X/KvLnq2LjxAKCks=","JrtLQROgFBz6227H9WVH2Z/ZReyzUa+IKC4dxgm+G1c=","mQ6kraYLJB0IDHmOFC1my6qypGx+1r6n7oKc0zNNeYE=","w+cTh5KA+d5bcbgpWlvZ9z2g5ylRvsyCdwCQmVhYQrs=","PJ2beYgKyqUnP9tTXz8fDlYOXsXaoecl+Fc1ofjMoJM=","zU8P0KekMNSejreAvjaA+NYxwQUUKhwF3meBz9dsef8=","T931Id8hGhLO18tnSh10jKOwa3KO1muo2spA9CFf8J8=","Eg0MrdQ3HL+RyAphMz3+BQ89ab2P90xxkzhmckFhfRM=","LmtZ+iASAR3J0nGpirrhvb7+DK1d05xOorQ30LrtAzk=","jbjjtE+7YRw7so3t9vPgV2y5UfA4BufXPuwW5Zealh8=","czZ60VL/q+6UFb+/LRtfHtMZ+gzBUUWJdemv+DOG0D4=","MBiQVqv79D3IGpNAzQEtwodWHeC8xrQj1DRjqyQEEc8=","umD4vvdIzs7t//M3w2YfkHV89cf3OFK9c5Nx89q/LrE=","ct7ISxzuQXdU9+uaqE/u01txtJORWnmGNLO6KwSeyUo=","4MUFL1tDF2uGOfKI10f0VS7xCAUrXQikgVrfbqhcTkI=","KVPZJVxsCckd4ZuBMa4MAQY87t5C66LBq5rjA51V0Sg=","rXwsMdqwY/HOKiorbIgMJon4nqxfW2Lzjkaa/hF51Uk=","WYY0HcYK7e8EcjTN+7EAIP4Uphzt8VqgXEaNR8Pif5M=","NOBIQ9UrBucLbUvqOri7YPLS+7cD54g3dmVw7f53O5c=","zBcoaMXZb/Xhy2qyDxpEERYu47yr/TgATKszg2ezyoE=","hUvI7YdWjSVFDrYcHl/7OGkHk7ex/3YkPbp0LisBdsY=","y0nHiVJ8yYiDvgeXTI+FcRRxbtz1YT31KgbNKqL+AEs=","cjC7XPKcxy0zMFER2PNbO89FWOnd8o0p60Xcwclaur0=","JFdtQ0VDIYhW7gufFS7OMPAGDYZ1kxQ0eLbUi+R9qTw=","VZGBetif6Elk0y0qQ3SpbFTRC8j9KOAwMRrV/V3K+o0=","LaQbQif09c2VMXq78DG4CEHNFAQ06ibTUIPH3SOcD/k=","MWmtleJEcF0IBdVdCYhj6y0UCORJ1wjEBwUGOHVI4Tg=","wuhQstXBssC1e2h5YSLzipjghpSShO3uqBFIr76SLcw=","7DmSMYzPK9oZV11lyPWQEuEomacFqM7D6fmS/RW8LuY=","J939rKZ6dYYHtuybb1safFSIezgFju/sMUkmFBU3n4c=","6B6GTG4TLnCzM0TBnOFrfmr+HueJIu44VjDCk68f4Ak=","lqsXTmEwKN+gTmsiomQzJvhRal4yERvE6zP1XxtWQ5M=","y4NA8CKia0UUlDkkG9V2jg3BETuMwD+oF3unTCpO/ws=","BJHlOSdyYQDCB4WeCA6xD7AH6P6N/1zqT4ag7hsYHgg=","oSfWnSfWbFbLB1jmVmkvmp9uCinI9mNmcDfH8HkaqyQ=","J40ZUgdLApLOu7QN1RNYuhk857w1I6Ktu9BRCaVdbK8=","cT/p3vNCg8W+P/5OeemrflK9fqBuv/Lu5MvzfpzUlMk=","EKav3F7aDEOT6dfY/Tv+ZGV0YLp45/3U0URlbrN1t1s=","sJ66NUXyDx7oraF/lDa46t4g8GIeuIxRbUCpyePx8Go=","q8H0tUlMFRJcKdPWkmo4QozQiTtm1E8Zokm3btBj6Iw=","EEq13ewTjbupkwfAHpOe9oGsIGy6QaoBXFMBvZfKX14=","4hxp1XhAwwWbCJxMy1razGPz3R89CgP4LoNA9S0hoLA=","lnoGpqSaGizv7OsHROLoM5dqIfk8LfvOqwbezi1Lv1U=","OYuKUsma5oU4XHlwphnp6iTVmCAD9547lDLVl+5VDrE=","D0LMRlvXjUMGDcTnjux76ZI3TvkM2984lWVCh1BEBTI=","ZQYTH7aBanV2q8x89MvJAuA3oZBoPAlS7ZqHI5gwu1k=","dR36UXCH3vJF/6ClSa9dRCCBmrX0FG50FEwzxuymjKA=","iaEq7yR0BS8bdHhPTD0adYFk9XWy6ukPcNDYfOVs/GM=","dJwIq2UxNscwF4avwzmdxfKc3G9f0xYPJAnCrC6QU/8=","63mziBP91dUKcSxmk8rvKIAsRlwWIH9hW854OsYqLo8=","GSSj10tNxOjugFIDdaq9cUsFh/QzRi3+6Xz4BSwyOZU=","9fnXuVp2nmnE05ArI/96hIF85hTt9vusZ1fF11fyniQ=","6gzyTlCArqOJGAAXEPycTxr6lFFixm7TtQBMtymwIuk=","XprCvpnlDWu+nhS0o47pMvH1b3Ct+39nKp0ErePlLUg=","5Isnhjf5rQeozX3MFZGV1hcEJdqkxj3rXHzYJI17bCM=","4pJ7pEw+kaw6xvcyMi6vWij8CyfviO9lfdvXCnoyM7w=","mvblNCt+Xw9XBQFA4nw27bBUBZOYy2DLFSLib/qMTVQ=","uQEfh/CyrFGr/+E4Kyzb74Kh6l9a5Ar79h0zn/VmjEc=","InWfN4HFP0YcUBLVEwsIC3o+PScXBckQXAc4sv278BQ=","NeyUIUAtrsyH0eGeGsbzhJbrT6DJnfwi79hybvLGG9U=","PDeoeV3JZLDl8ddIX+osE2gB57tp4JoTi/2NxEW4P7E=","3juMXPWh0/Tm/Wp9t94I3l9M+WJbqP+rq0/4Os/I56s=","5FKkfhX1FBnFVj4GpEg1hkZ0KunIEledkxOZQm+v+Hk=","0Y24CFQf9aPR/M+yZ0bwN+tBvANOxDhTMwM6Ax5xKEE=","1XhCk35b4yDQOACTYk13FfQQgRVPaZRGqYFQvV/peWc=","IqTMxBsE9St6Zd9d6y8gu4jqbDc2mq4rm9DxNvFfAGc=","IRZes84zPRPEveeLxPJMlvsZiZoOmTdmUo3dkvozzF4=","B0cprzISV+jwa9Lkz9ZbFpjKplfT/D/S/c9A0mWIbBo=","AZ2SmUjjsELcalExXRhXp1T0KjBKp5rWq+M8Aig/SNM=","R5u4tD1iAmA2HLFGmmfUraKaRHzaYQZDLj6kHFWWDu4=","SH44tU5lEfJo4i3Wzknt0m5/L+ACG0XB4gblYaUdJhI=","nyqR0l6wGrRw6h9Dw/IsmSev5qYNlkjDTjfWONwPvKc=","tnqYwnn/5frgprnxakI5AMcOrtvgzKIdTplJiCXJBek=","GwuJtpAZSO+mRHqph9Ce/0i8wVr2M3/xmf9zSx9gVlo=","NeqkPmgdd2Ze/7df4NuF6gzb2yq6tnWaSQFFoozG6Ng=","ORAqdVlazQ7NNkimgLhXIAL5HcORicZXhYbZdBQhUls=","caaXreEXLrhmPdWK0d1XNFAo38zKQ6CWhee6x2ZYm4o=","3wkXsbr+iMzE4o6ZlMziO4QtigWdh6JMGIyvikxDSb0=","oUn/JCDsa/6dPbI0Z/eyrJpzsjhvDbKgKdQdpCEGGNA=","NhTSf3B+2o7qnG0106hNWWJRCt4Xfp8nSgNQWEksvkQ=","p+SOmpDAKHX5uCI5TJl4l/QWlyW+GbhrMWbHigVgUBE=","fewdc0WU4ArkwfnHe9PQnirLsIRnQqr37ukR8VgA6vI=","ktCK5res1m8AvIV84zqKVF//WJXEjN1HHQUH3WM/TRE=","d7IVKPZvAjLrl39reLa4q4caYnv2YxVdhkOs10/uNnM=","tLwz2t173/WLzyeFBkvwsFl/orL65HonbWXqE6owEt8=","m14HM2FivxZws9yYexTepAOnha0aSubV9+DuSbbUu5E=","uncCYxD4zSPXDHeuXrkED6Q0Ue6T0Fl8ookXDayB1mg=","jGz6Q8iEabWwQKfB/pzOCYuhzGkxGd+4emrGL0qpWVk=","NjjL6ydnM4AL/7KyqpeKerFrwLJwkaQ9x/TSA6s2z1g=","46lKOhetviOzRdM9HEY5BI1K836h2Zd5TDmZaECQRjc=","BQY099TnU3QtIEcSjnBkEt8kZKP/yjf9icAsNYY6Wo8=","aJBvthuhJrt93hDhgXW8zRyow/kpH8XDdWqjLkA0yDI=","S14CGkoNW3zbUs0Dd+5wBDTExQ9VyzRG5QKO+oLwDMQ=","96cm0gzjgUMmYigCNh9Ltdo8Ag+izdd75guoW1QlaT0=","VqnUGz5KruEjeGUJHYiYKby1pCTeEZIeR5438OBIUcc=","VJley6WU2BCosp9Ai8mlA5W/0rUYz0bhmKpWtXRyBww=","pKASfjc83UnXpCLouqVAsAMy5/wTTzMVmsRmTDOsUJE=","WpU0enfglmKGcdd0U2be9hsZS2FFWVnRBKxoKIv3Ejg=","ZWF12lQ6xY/PkFVH61urCsSFAW3eeItfyJLgoUWeMbA=","8tML1s2M9dUq1+lawnn7OPjruz9LJ2YW8FkrMtZiJY4=","9Mh50lUrvSXnoDB80wp67gXzTtcuNl42MGPIt81o6Zo=","WxRE992TuUv/noMVM899DTsiB67nVdGtN7Gj22XVi7o=","DzFS3meuLWHJafXa08wy//YkMwjMQJIazNm3NSRlBpg=","1bYllGrY/ofQNKzxfRERU2q/V6FhBn4EcwhHPmAZ4Wc=","M7tnNB8cyBkldhz5y3XbepraOqtiaKWUdGx9li1HxPo=","QVBzXGvfUIfb2TitgUfutjNcEhmyQb12Ez572t7LaEQ=","VIykvbqlGAm4hYfe536I08rIMoVFfhrQz2hj/sCSjMM=","4YatbRmVUHMD6ItQdnJbo/VbEHXeM0Eed0vN9ra3xWM=","bzpWwMRtQzW6b1Ptql7PM9MJQAv/cX9PGrdqJz7swko=","TG3KIyZQYIsr+ETRi37PfZL1iaxzaiDiwql8euxfwz0=","ZjQXeunmF1BbqxQPztNQkFafD1oB4Bzb9BvuCcAQG3Q=","8JGgqT5U1IEVfmt3Q0vTABcGb1cfrKoHMpOHlVqpHEI=","4X9EWgKceyir463J6w0VA9CtpoSG1zb5r+lxzqv7oVs=","jCqhyCG48AulwZCgES7Z9C4dFgsenK5LnO2xMV5T4oY=","h+x9NFxBTEJ+7lcCpGoYRK1HPOLWXz0FQRzTngjadWk=","BVVPyn4z+LEhUjyqvwWnZq2Dg3oL1vow12EQPAPS8bY=","pHf8WV6SAzyUvPE82pqSzh4yclb2i7O3+lbl6fUvlSs=","a9VrPd7C673YYz1sxbrs2abIUL3lZ4MWNxRSe9eVqZo=","d1E5cB7jfLDnRYK1YwmizfhCwmYVaTbKRMTtM52Ivc0=","kOe5RJFBjEB/ZfYLIifSkwFWZ//YVKkLaQyVI37C5h4=","5uqv5BZZFhX5GAzrpnHzyNGIcqvW5E5RwF2TQqGKv64=","i7ZM52aMmjrrLd3/LL+MbVZPcV1DxPmAvFcePglGhdI=","xvy8XTkpRIwK6hb8gNEUBKdENI2cB/73KIlA+Rjedp8=","Gzxu4ETknfmU5HKFY4D9JB7LiZyWCtFIQ6y1Q7HhMkc=","/KS6yXLdEgeOKORrmpZcDrfVopEfF9nMzDe9kDQpxPs=","jitPipB1ywYdVyRd7NxaXsTut7kDE4WqoB9r45Ek0mw=","hiYnXHgqIY082b3VwciVHHc157VRr0YeELpjFFU0L4I=","HYmNT6fr9mJPKjtrWzkMEbgd4Zv1bZHuLjY+3SxoZwc=","O5MlfcV/jUUJ+zQfswdGfXQF5GXhkZM3VAFIsw7c+WU=","PSKYxBso6pfP5178ipboFYpsVgMWTW1jXJcv0CSLOT8=","bI9amNyKhOMjz8DyZFW1yjiM7JYpUQdvSKsTli21cGo=","QIazLgAOgCqJ/n2UvN3K5q0veL0YSaUiE4Rk0cdJDhA=","NMNdvcEHXIuGG+nNhRb5MhIO1K90dHXIXqjBkEkACmA=","/XoTac98jn0x0z4nh4EG3GHwehhMW0EcM/hSMYlyqGQ=","+ZfozZxANehpu8m0NI4I8qww3TSv0UmyG3mTMcr8peY=","p/WMBg1ydYfxdTQHNntkLBKL1Op02+mmE8A2m5ZTwS0=","ErLvwz6r8rdsMLRS+kLpTiw3FieObVXOMB6R7oopf2o=","UsNT+/0ZLNrbn9uSHQn0M6xAqI7tN2O/1qY4BlYeVlk=","BZet6af+eZqPFaS++DSk6akFXR3mC9psAzGqNSfAUyI=","VpwyYUsle5PmfYs7VWAAq1+NPmwJ39+cQ+oNqRPKDPs=","x9TY7HPThCqlaCIiuUKN4VPBaWpAZHAabbmHTk6ncGw=","x3pxAwC07G52DyYbsKmMpbbakXRAKV/mR+8jvFmeSSA=","kHvzG9r35kxIXaJT2O/DbJGwlI8hyY2sJgFppO7bfiw=","CiKOYefceHATTNjK/NRQddCX0o5q983n70RYeL91cKk=","ozf88a1WTITlvmtZ9YXPqSnG35BdL5uraU5WVIygHZw=","buBHL0r2tbmxaEBTQfIXwPqD0giAo6PZo9FTuTjzwXs=","pji0hwNT7uY0ZOOG46gVPnz0MNydk3XCSjKT0la/xFo=","SOJe+Iid+C5fL5bToES34F/c7UEkl4URSVBoRqQQwHA=","qYsZpYCW+1FW64W6BRQo0pHmIaRftAM4qavqS2b5HJU=","MCUQwms3lObLJl45lZivj0PMmXV39/WpYPJnxDKheA0=","0dz8inX6ubpezdTFPO57snpoxslebh50m/a32HdS5ME=","SNW3sz0JK9wx5nai428DLSHcyS0NfpZtHJQbbhQOsH0=","a0nXLGIgf2UYIp5g/u6ASEWtarUyhEFoNKBQBJAWYts=","RP9kLULKXmvs+VRUh10myvUlR+0IZa/KY6EstAtMsdM=","mAxrQBt5OncVEEw4XhteNvq7+uyKFzrYBKHsFVXFZKg=","Iu8BQjAe4DQVWv3Fnz5i+NcyV9mOfjzAJm+2R7DIz04=","YdvdpLlPlgfm0h5JQ5ZLHH75GXMWeg/WIlQjjdTu7m8=","HTneLsgv+Jc64lzkEsfRFx6Po6U0+JSO1teXDSx63/s=","UnbXuuHtruHgH8rRyyitEzBR+IjBdVyynymzPcXtFI0=","dFLs5BQp6DghDa2fQ44Jo/KEZ81IyTgZxPIheQO57P0=","P+vlIk5KzAULDWkY6ZEp8C42ZyJ7zNY7w1SDB+/c4DI=","bMzPVd8G9wzVQrFQk98ImG0kjgCLWD5edqQu6a2nUJQ=","fnrFw9fnzwQzr88QiT4wTrTUJV4Tcvp2M/SP+M/pD+k=","VjvsiNqe6bnanK/SnsL0CX69pFqncuaqCDGIj9TNOIg=","SJqezza8gB1HOv3bO1WFdkQXRzrJnUNIKMAxXPjax2I=","93/4whGqL1LvGM/h53SzHwxpYqtNyfate6hxQOD0cHk=","GEWOInee6nz0o5STQktCpueIQv+ROawhAEE1UQ5C8e0=","yzleetOzpFiWBf1ew/wdm2Ct2RwMs5f5MobpQBCDo1Q=","xaAz/8zXxMrwv8FDSv7GdSAk4S+zWEaoEcSu6safmts=","DC4HE9vf2prti+MBoB6ev/YQPTUe7WI1ypMyfTbVPxY=","GtLaSJk4E3S0tumbu9MmuwTNf7ujv4WJ2CMXU2vHRD4=","vckGFykCTml1ncTfj3KvltEgVqtTbtVGvJ2Omtz8KWc=","v5VHBQriVhckgSIW3iiaGBc2nhWjOltMAS9QT9v2kKk=","t46rRdDT3D7W2EbRUwl41c4zoU1gj0tekBD3+7oyCBs=","62WyiD/Pp5AVKulDlmSb46tg+jVZsMAlNl7WkJs/ASc=","MHztvwjOByEna7s+B0Vy/YZDoBp9BzVb918zc4CiaYo=","bfUuc5vzme8N7Th76Fs7HGKTqbLeBcpej9uigOXfaoE=","OBuxYv9pZYvW6xx5auKEAx+ZIMt08opsuLjE/H+yM3M=","FOriZycya9ujf6qKmGZP1BMRWHbhxDwI3tjbIzs9g0w=","OXD2Csir2vWx6pLpb9XQM01bpwSSJROmoRwQIaurdjo=","iWjbgm/5tF2QtrHUQxtMbMu5WzpwU7FcofmnMSQoN7k=","xVsGBpfqxCFqYIaQlD1uyqbaEoPVpS1URHtFmAr1xLA=","oe5U8EjH857oinfHjamM4Ow6fgROzKhIDXXJPRV/JC8=","vuUtu3sgGv1phoVxCJbpiMGD44h7F/4FxbSoZScPrYo=","jjJMkXk+J70uzwV391Uh+snCkOL9Kp3bgOSW9zN8/bc=","4N1R92ZGZjj71+62p+wVfMSyufiSv9BAcM9E4yfGKN4=","DEkd6nj0uE4oiDGbJWwW0jPMXI+/q0Ay8YcYpxz/IB4=","BDg22Sw5vWsioVemIRyR+ANFBHzCNSetk27MqLtfHnw=","FMEcIklxPi4o/ETkNNTyGUd/qGQqapKi+6GqRxeABOo=","BtETZEXxGb+0AvmhMw1LBzZj/PaZlhclCKc3atlugkY=","ZEftxBfu9u8yASoWar3ZSHbedAv1zqPws1N4N32vV4s=","Mx2uwTO+Ps/E398I5H/3rRpC+MOaTGKYQv5m0QXxiFE=","LPeTD8lO6/IydQAq8putfs6fvmmal97+PfHsR5W2fY8=","nFo/F6Zz9eVRqjFjTyTGkeOGcjEDy+vGPuh9s++VD9s=","kvbcqAru00DDGgHutBuZBuLFJlvcgErYYDKFbU4RQxk=","K3IOG9KHaLoPjf4i8Z/q5nG1JblhQhEUovgxgEYPbsI=","Ius0oWe0YFyLCm05JhbBfq9o2YsKTugM0Y8XMOeMflY=","24ZHcA1sZUqYRYQnxupcMjbiqtFDCfMGn61YVdO0NN8=","/3S4wM0LCRQLFMgikRtocKOyrVeW9wSN9vFY/LfXjP8=","60+yPXAsXmdkhjYV2FjNkmZ1l0wU8iCYS5vc5eFBH5M=","tIUJjJ6uIKfQ1MhSZOmPRrxqPVZfSaJeVX40HI0A1ZU=","JHnlq1FfAoM1N6b1i/B0s4LZqM7lxf31p4RkC+D3eXY=","ZECqwglRn8ioj7e0O3/MuQm16/xvJUKcLaklt76d0+0=","CmjfLCKR72UAWCxZrzdnGvPz1Ih4hF1l991lvSSK2h4=","JtvroPSeVML+BtdGOG4CtYq4/ar5zaNsdY9QLyT9xt0=","Vwuakf6eHYD5+qMgEbV4+c0eL0jj94e7p7niKPNpJaI=","pdedAX48R0p0iCKIG8L38H/JHFBMSMJKvQIES26Ux+c=","Raev5pvLI77tpB4ypQULPRRYMkyHMJXxPn9yvLHx+OE=","FygGF3XuhxsppbLKFr4pw52diGJ63zcGvFuyUOBdHbI=","EIxtFu8+pJd7TTxsCrjydleil6Ls3HHxpXQuNln6wnw=","3hML5ei34H+/gjj2adkNHKYorCgUz+tEygtylVShMms=","STCPu1R1l+WN/9EH3TikpkGn/oOqgezqCXfXWkH8vZ8=","PvfAsdyB5BFNZMfY7p+OcQO54M+Ppcvbhqxlwv5fjUg=","7prkdDcqb26ACIRFEQBvBwQUCx1pJepxKwXtKHxFT5k=","oAXCOc/1XAnoGZdkLb8jRWnMNnBhYNEpP65mBisyTO0=","WKEzR9QkfS2DC58K2CRtyHwgPzeBZm2v5isOBSzK964=","HGtHvvfIW3+bZabkEk6jp30XgiyXA/67UeBZ6I/qNgM=","tXDK4iWPEajNgMxc2XY7jdD0h0evRJKQMjWM7IIr31g=","Mvp0opYIw6ujTlunEZmVhsi6zMHVu0NhTfloWu83lx8=","aXoG+TB9EyIfKoNpwLIGYguB3GUcdwvugiUpb2ug5Pk=","kbL46DWe+sW9PhPl4B9oJDIoSVOGHMwWhKTbX5JO/AU=","kw14PCp7n58pjwQdjOl88WO+wCNhd1JYl5U9/2Ed8GY=","f2EvKp3uWwjBMur/94F2jCpcrPQF9IZyuYXY4BbTAI4=","dVfGiJPLG4MalsRrp0or+RWjeu8JfYkphqqFe2J7Vaw=","IqNButlKcykGJg/2ZSdDFbIMGnHXxldz2mr+j1H55s4=","3F6I41cwBSg1VNtuZuVNL2Hk7i5ZH6dP5+f52Mt2iHE=","OLWQqDnTCIi86R51amHjvP5Oho3WyehWzPp3DVAko3c=","doHUQy6espzTMPX65Jdm8GlRo6Z5or5cFjmNsHMUv1g=","9KULpGEgyEkMa5uzUtnUENKMuB6ppblFYtSKxd6Uf84=","Owmt7Qm+j4Ty1RvweUZZdLsbEZeXtXUrHRTTj4a5MY8=","m/+HH7fZUQZNSMftRzQhlcy3XbTtI+VxRKDxoHAuKP0=","L3ctCRfMC0jjyUl3+GkZXxwd0srg+74MFhe7PXhl7zU=","Jg1wvJ860ehSB8ZQbqNRND4umlGdRaQohdDy+uCeRME=","G1FgWtY+xuqo77ebDCQjx4/FyaRGfiahuiSZ7mfVMF0=","seC9bca/y41kIqhcWE8TWdomGpLlVsQdyH2PwYpoAoo=","73CNq3zcvB6aW/q/L8DrauQQ4PFa0AhXREi5Hmi5iQs=","SjhASxUDwgKu2aKkwqefoVp4uReOPRlw2lrsX/kAQUk=","17n4RFRi6YSLPfDkt2LGcX/FJsiJoRYEG5ILKSYZZpY=","abABfcfyW9Q/XoiZf7tjqlHh7Wh8vFjkLjjMgd8ujM0=","vkgqX85aKgKEJymv7YohgbQbTzhMEWB1XjRlpLGhsnk=","61OIHnLDu7t/OuYYFGr3gsen2Bnzyf/r8X+ASrYTmh4=","WZNhrrKD8dbEJL6CyQGddr3uxr5BDBuJv4JttNcIj50=","eNvWn+ily8rVCJkZ9zU4dQ7ln5WRiV/lvfqpdpaTVEg=","kSwIkWu8gDqLLfl7hTije/H3nLe13WQ/uNOUz20w+Ns=","uYMV3SbRvRF925N9i74zyn4zP186i2zucfEh+1bNask=","D/uMX7KuvDVo9gwdMwSMLZNOyB/H/FFkPuKvFOQ9DoE=","NvoNDRU6pU1nl1VWca83bfHL9/H/bywN9OOTP0Eawfo=","h5TZy0MPwhtrCzGpCWf6DyyrMxC6/IPSC3NN9XvCc9M=","gg0xN6mmILB5CYev8QH8MybQEndXA+9k6tRZXkzEo0Y=","YaMm2C4QKosWWd/HpkBBdApW1dLvZkUGRmML4dv62QQ=","ba/nfOT68E35CacabGSeqLLLpwsWa7AI+GCXZXzyUoY=","u02ZuzZAU7AsdQYUF470T4WMS37FJ/OuJHcpy6L0cqc=","lsHzn7kCNjLClKd0qt1eVLh/8Y+tMwtb1Go8hkR4Chg=","wMJ24+ldyoFA8Q4BochmEAkUudhqcQRMPsBX+6cCTNU=","2Xnt1YDwGMx2Jr5kOg6zS3B2+XUDu2HQqHAZ/SOePMo=","33MLs0YXxj4514ZtnGsp3oX6Qzbe96FQBKcQtm9CTAw=","rYyTgwbpQ4+yx26zCUykqBDDtwI51YUWYIUPAQBuBTA=","6ApTPzC8uwvhC6B6tl1g8qBuPJ1GLn/oiEVaRU46jRI=","1dATitAgR5qPtgBlrF8rUk/vQvRZXA8g+7/JSldMFck=","VyePKWwj35vH2e6be5ut7qCIctsX3k/ZC70GaCOAuDs=","nkw/2Xn8vD5wbLAC6jmLq9b9JoVg64EOphegIlDj6+Q=","EXH3HIVah1b307xXN3Gg2f/z/N2doQ/HoWV8iC1COEg=","hXNICtzGL7wUSwwlY5hTYyEQ0SFH4z4RbLQbJ1/+N+Y=","CsEEPJ+gfPYGNIFI6PeOpA2YAhQCYkFmTXWaYBIRUX8=","y6+2/6QEq8S65Slguenukjhuapk6OlnUEDnH+gp3noc=","mZIUn42QAM/ROY1Rc7gA/YDRofX78ezP4hepNJHfgXk=","xhxbks3JhcicRWWgCYwJQbs4SyjfaiY9BIydvx42Umg=","it5cxCnx19rIATN9LmeL4qHJ5l71tkkpOQP4BytzcE4=","vjtZT8hDMIRwbNnd0MaxKgXkdZIT1JLTYa98SaOdGAc=","ruKyatJ7HFZ1T7oLnsokLO0k3VOMYdKC8SJeSwY7T1s=","prgQ/hNcpF8D9+cyPaQGRm4vjTCLfH0Egl1ubUJmF8Y=","EBfov7LvFEQ9fkP8K+bF2PGXE80BWA9hvYEYt5mtH1U=","Zwzpf3RmjsEQIHd0bGId2XNxgwM9n4bcd9le3zglTlQ=","PWYp2Ceek+mHo9Z5tB/HWssSjdWUpllgcd89rIA7R8Q=","IR2aDR7EMB2BEepNCul87w77XsDfH1hC+DtaZlttN14=","lQpteL8MM2GlBnQvlinc6aMRKXbpUQER1BF9Y/7TBdA=","YULGKjLCK4/K6ZtO34Abtg+PjI6WK5UJxluq6scyBLo=","WQSkZePKq7x0OTN2laMEomNAPYdNfqRBKkeNXOyZvlw=","BzM3tv6zvq8K+OXiWZ42b7tdc4t69nrvn5GN43gyarc=","Y7HJbKWo26aRZeHWq1jcGylXw2fe1F5v8PkaZKNDmZA=","7lu1Ykdhng+KquUgKfq4U/BC3CvKcaVczTZ4fuhimUc=","6z388cHUelQbdC9HfxNAF4nKe1eaBojWyicgHApUdHw=","0fD9jABoyotQGQFFrasJr6uMRZN7bl62TIRGNkqoJaM=","gC6vFyqIq7tUKRpYsnv9keZpFl/XTAbaPdhHHvWAICQ=","Yavyv+m2ukx1oj9gmjn9cBPyK0XMnlOUTYERAJMmBOs=","xkJVWb+7vgONlJcKOOS3SLvOukjNdjFQ73VC15BAg/8=","jPiSNmy8ngZx/+im10IEBmGWDZ5MrwYqIB7ozZwOO6E=","ThSjM6D1hC8YYLRQ46C78P5MSJKoYdhGVlWQInwz2IY=","reDhNViKNOGl8tjXe6folmciLJvkXHGAdVl7qgHuozQ=","oXvPCtkoilTKDCoiP1OzY37kOdnX/lmP9Bww9G2Y63c=","7cbRUCUbFlLqnuHZdxZUf5jhFCzxzwqVQpkBwKLryLw=","l3G8zofuH4lIK4pSiJQnAbmu38Pvp0F95vvid7UJAyU=","EPkyd0UsYziMbOTvaoeLpCDBfbaQ0i8IRMhtmbI50lY=","x92VTcbAIFHSkUrj4vS+ts2SJGEg6JqqGPjafV8Zaoc=","1hyR+csiQdVmMgn9GDzfQYfoRtpK0M5tvXz4BcQqiz0=","W9Zol96c0EO4LTK5Ne4iNWVHAYb6nWqYt70zVersdEY=","un5HE+71d9fqnU1DtWhLz/GKdoFWNYMPWR/7/5/NmFc=","0/Rnwk7H8dgA4R2rYMCUSU1O56Usfw+OxyyZimjB0pU=","Rz0jXG7x8Jm2RmWwJP3S7rJMfa10URImmsOWZaDlqHQ=","yAltIyzresbCQ7CmOHyKup4m1v6F4L9cDvMkyvBMcvo=","+Ezbqd+7CrI0y4IAhh5DlORflYKlBSrx8SZYHrrQ1TU=","8dWO6Qr8s5DsH4CGS7v4gFxGq7oZH7f4eIxf1l6yqYA=","zbPQBeU15mOvydch4i8qb8HCMrtcVDaXBZmNApgNJFM=","87fkx2G789x2tG40qzEZI+TBbAmY2Kfu2ab4F8aHGKM=","14Wnap1PsmMy7oZRF1DOpXM56lLqnLOsKAFqDFSkgYQ=","6S3d1cQIxzivkKP34hjApccSlZiu3wLziIwaAZdLPX4=","mrweB7MlkJAg/Ki/RSZOZyeKRFBhcyJUuBCGbPhbAa0=","A/jCHW/kE2sB8YbHlTWNoSfQ4GiQct5calJJyj06S1o=","hFTq1IwYMwsLqy511aYtBAJJniB5d7uHkOrHvaVsANM=","n5NW/G3eCHctQRFz+cg0CAGkuVlPR+a6pNdiaeSxrv8=","i8RbIklRxHKmFgx52dm0mhnv8Ek2s0y2xnem6t7Qfk0=","ZCcoRnL4C0sF7MGbT1YKNUmWwecqy6h+22xWAbicd7Y=","gOJS2p61BxJfAzmowNlV6uopHp6vvu6x1FE+G+0UqCg=","lgxD4H/2O8kGBxaTT+eo5R0eQRS/ywkMNuEih/Swpr8=","0Fr3LWUnQff7LgFkiQN47OsKSY44zmwnl2DVN83fjiY=","z7Z3kcp8BpHQAMTigTMiJ1htFI8wxjimNYAVgE+ENgo=","ph9oTRiyVrNkoNcHz8tFX9d7VmJAAmKEKnnR0tYYiN4=","IvvqLAq0sMgdoiAhImLc2CzcQ9KATD6BM7deQPEo7iY=","oJ/et8icEXtzCyLbGN8Aoss4X1Umlof8gUmh+9GPWXw=","bRBeRzYTpJ5xPIH+Y0dTo1K14afEh96LtbYJ4d8XCpk=","KBfHzYDgooUR6AZXitAWRc8GFYrLY058PhLwiXCc7TQ=","YlO7M3zkyyt6PMYOy45Qi8Si0yxZ7CFK5FiKo8D2k0I=","PFpk/jYvN6kGMHmf/OOXsrYJcgtByLcD+JHcIRVdC+Y=","GDZXRztbqoO5JzchDCoNqieEcGOD6p42aWh2iIkpGZs=","SnsMATfIbyt7ROFupDLxfbaqfLuGGtKiOKbYbRlVg/s=","lLLKZAjvbjEwSTLco82ptYsuuQPBSFUKaCPrn4LtzKI=","nn8MYBZbEAgVxtS2+fM0GP/RCHuAkVJTx5CuJ0Eyc7U=","oObPQe9djA01ZvPydHfV9XUy2d63LP7Ri8MsObFTTjo=","+rPOjNeJm5OR17cUkp5pggHmAnlWGQ7PvNmMK4vQ53s=","RWeXolgxp1/DodQZXa7KxGYB5bwD39e2bTHmcEUh0GY=","YQEM0xGk9zpZ/CtVoJy5TKlKlgj5m+kSan7eTTQTS5s="],"block_size":4096,"path":"devpanel.bundle.js"},{"block_hashes":["5dniVR9ZKb/wmsGVkYkOykThQd4xReCNtZMYvzV4AR0="],"block_size":4096,"path":"devpanel.html"},{"block_hashes":["TprZ3Qnock42uxYW9H0ym5rx66ypPSzhiVuk09QVN3U="],"block_size":4096,"path":"devtools.bundle.js"},{"block_hashes":["7IyBKAakMawzhxC7PmcRs5o4bVs/bvsL2+ApAJ/U9Q4="],"block_size":4096,"path":"devtools.html"},{"block_hashes":["2Ic2jxiqRIPVomeobR/10moJBIuxyTwKydN05DgBQ0I="],"block_size":4096,"path":"img/loading.svg"},{"block_hashes":["stgNuTzV6nOavcmQpM08U6xLIA04naH+PQe9zpxWvfQ=","BQ/wi+k+nTWbnts+W0jIBjUg7hv2ZEf2nWO+kT/e27Y="],"block_size":4096,"path":"img/logo/38x38.png"},{"block_hashes":["oQHGPBbCmACyRQm5Hs5CUoLbDcmFibSSHs9zDt/ce6I="],"block_size":4096,"path":"img/logo/error.png"},{"block_hashes":["Z4dzuRsGEGfOQ820Hq3Fz1jDHayLbOlay9gAOnEFK9w=","3eCx2AMveOXQd4DbWm0i0YEmMWr9gbh5r/bdrVCBQKc=","iqHbGWYHZms7yPgAWz31hmZ1w2FJgaQGEgx+l9rR4/E=","hVqjtz1xAeFI0/rOd0KbkCcx+Svk13kNiab27WuiucE="],"block_size":4096,"path":"img/logo/scalable.png"},{"block_hashes":["XphXSiWEryw0Z4MeJuJ6zcrP9p+qWp/9OtOrhA88B6c=","+6bdkEzWrYX2Cw6uq67M6TO6rsa20IIPWElcX3cw0+I=","2kzd3pgNZX2TJEmzCtpi9ME+ShOyeb3HCLpj4uo2osI=","3+gfTr3dP7Pd3MsH7JE1DuZNV3fyVzWBk/CzKcfVRXw=","o5QjSe0nunDdPNKdD9KfwQxl+qSaCTqn9SXNoDCW06Y=","YGnjf6qN1tVh8jIbOGTeyckkE0IMCpZp9cIMn2xEpts=","/2nhGUDl7y+MqhhdIyLuHyqvlokMdbpXTGuZkx54kbo=","o7EMY0QIQW5XuNHETo87grEqXbVCJhljoi1UFsvzeTM=","LU9V2Ao+OMCTtdc2UilJCio/S2yMUYV0R7+qmuzY/n8=","npe2WwLF1ECSng6+0oHAqckvh8HpDMqV6oV58cczXWI=","ii3oTQdxYtCPuo2YEjn9ZEOC2Oacwjt+pQImGpSsUMQ=","2AbFaCyKWaOPlLYzb8GxJj44peyQS/gXwnK5T+KxRgo=","M1+pMPRaCKiyFxugYuGUy86RI0dm6PRfxBYCoD6XDic=","brOvjSaY9v131AmJ7eZ8dEW55lzgDbrNjx4cRAQeRaU=","tQcfRL/jtBftIOJFd8KU6BhoQb7Dr6CB0Dk7UqK+mb4=","WW5nu9TiKrxdEyIWq/bastrxQhCkAawBvK6TmQKsW+s=","gI8jR1wMat5373WbjsSTJUPnQVUdz2YkJzvwYUNqg60=","0rnqEAXDrBn7cqorg1/J2k2IX2sZZkx78Ea5lDoRrz4=","b0c1PhzLz32mfod2dMJsXu8kBd9Gtq5P13UdG2FsvZ4=","ihcCSL1LCG9YHgMmZ/z5OSxlOGKMxULjpusn5EeuXIo=","QREG1q9gLRxo6zuHl42A0x5fen4j70Y92ifC060zlqc=","qh+zj8mYYL7/TYaEBp7P+PgnhgLa/40c7ie9j9LVhtk=","rsgu/4xufFDIcIm36/yT1J3lQBfVPNoFvUwdbbN6Kl4=","7VRva036L8ja5oVSkqPCss95QpZ4XuX199/qg+7RGp4=","vYNataHfGK99HnCw9JI8mpkWjvMT7zC1ic1yp1RSbf0=","XLjFFFfp3dqC/r4ButmvbkcXc/3jAQWryZsTak2W7as=","Hsz0XojzbSPhM3QOTfu5vb5w8t3APgU3OrGLyrYb2bM=","qMahjpkhXhbEsxgcFCJgS4j8p2trcAZ+kAxYIJw6R9s=","wybG0BnFagir6LBynkhkIXfErMhOxNZqpcAwlBtBKW0=","azg/p7Be74GYW5nLsT2tiLm7dL0XblfTYajisoHcPcA=","AKrrJTL9yqCSXAFFPKUbit8uUGT1m963svWQIasbcOY=","B5J+p9omNTk4F6lTf0GoJssSsxHssuENbmHgyxdNnNA=","Xbx3LGeTQbTjBcy+gHXOBpjUeo5UQE2wZAoHFSZ6zFU=","GOm45Soc1BtOUI4S2TTjaMOVXQM5FPYOZZhMOvLhW10=","DaH8pmTSs8ejudyB6/LEqhVOuDlYvMZMj0KE88nZkME=","IVOHSHuemmXf6rz5qlnMMe0w0i8ywoET34k/zQZkGOc=","maMPyq3kScO/ccM+doXWIeS73fAwxKHzKY+13Evfpr4=","3MNhdpDXO1lR6BUduz7EM9N9242M/3ITZG7Fuik4KZE=","TmgnA1u95lgaxphaLS2vAB+MrS7lA2FymqNvgUP1V/8=","/CWtXFRTAPHHkuht8dcs6t40AhIyNvWP0e/ePwfqEss=","2hi5DZibFvxQTFozemC2UeawEKIdoEOnf8lOTAiIgww=","oMk1ci+5U3tDCgc2hs03fUWG2WdaYhgwAysOm5egHDk=","WHxRxcKv5uM1bS7Dmg24V3xC1DjlA9KYwilDW2zGHGo="],"block_size":4096,"path":"options.bundle.js"},{"block_hashes":["7rzum5B1m4DO9vWMH3rNT7qXeQmhg6lpHmWOCmplivw="],"block_size":4096,"path":"options.html"},{"block_hashes":["V6SelpOwTCHRF3Bz7hyjTog+Kz4OZbdRmcxcG8svAOs=","KDsadQ/4DVLYMQoqURNjUw5fZTjoo7HcBaAMg0DB4VI=","eKAhfRjCiRze6Oj8D9FPEr6xRW7TyMJqh4J8T5PwSYw=","w8AVaKm0x6mc1ob3UYwhaPtna0Ron0ZBNGfO+G42c/4=","lrOfw8Q9Wuh8aHE5Lr/oH3wZ0la7sXV990Xrk57uhF0=","LL2Ij6S61ZwT4DAQVafGfy36oZQfXKDpq3OtDat1hG0=","dRMM4ujFKS1yojiId4pI1D+O+Vm7PWsWGHTi7llGLQ0=","dMv7JFAhMRY/EDc+aGxmKq05/zRo5DuZY0/Q6boxylg=","eidbLdkz00Fh/wX1+mQ003CoPpXpq2Age+6eB53iaKE=","mMU3jemdHNdy+OfSfRq+KesmVHRDhkHgIuEf3tx1wcE=","DaXrA6BdLPsZJlfdvMuCf/5IKxxEzRtrDEMIs3c0FCw=","bYI1xGnPI8owbwvn1kpfMrm2fyjFPSgK8VGjqG6rV9E=","FeoyoINcOEBp5A/uIUsjFp1dfL3L4gbKesZLaPRDSAg=","tq/B+20PGMrtu9C2OG56fczJDdxkFSWa4BCgAGUtxcg=","BkBpPuzyHQ3WKYK78wsGlFSCbi/L53mgJW1ucmssAxo=","aUbdGQ0epqH5NUu0YOH5II+9IWR8HJzVoh4IAWLklS0="],"block_size":4096,"path":"page.bundle.js"},{"block_hashes":["Z8uFwLlifkq21jkqcHilh37p0fHLZ/FtNK+7Ytk0JbQ=","qTpQEHGTkNyGvEe6UfbPZdMsfGeo68KX/ARk52f9WRg=","txpJs/Wh9FjY34WAlaw2Vr2E16He2+9j/puoIeBcsUE=","QvdnhGtdrGgMx9Zuj3D0Xoxy/Iqb/zL4Ii2M3U1Q6PY=","WAi95NbH7XJ9oOMqLq2CLYLm7eiydEgPWrwPNCoAUxg=","Mg5cWNxV/75zenD8w3c03w1B1mxSj702S3TGZgO+Pu0=","hGEgHV7dI5l8oFVWG1ZRQxgnmvoGEEim8oT1NjQ+aww=","OvHZ80eM+VZj3am5vnthxMoO9ULL5tbfYoSgdUFIdsA=","PA3c9i7OmbiLOHoZZ3UHTXE5RdpSm9JyNp2KHkbfaXs=","bV2EW7gs03rhC8FcYvasYztcQWKPlf22LFaeu0X4w2I=","+6rEv4lkJav6RHIhNliyFSXLvuculrM46BLwbZOqDdg=","psgJSr9r9ec3joOcRr0wuNURvF4uZ9Mjjz4HBYx8qxs=","mXaYJaoinblNL85IC8KHCIR2IZgZSSn+hy4Rm/pd2oY=","iVFgxYqWYe7zS9Z8XH1otdfEESKJvJhJK5n4pzr0SdM=","jidzvdRqzIgUg2zI+iAFGq7CrfmQExwgg6Sn9KxPa+c=","/0nBvGtCaKXr8qjVBJetQdBnJnlzPvu0kSs/7nUGKvc="],"block_size":4096,"path":"pagewrap.bundle.js"},{"block_hashes":["AUkDdeYWJQsIDDjI1c4PimPjY3NJ7Xk9EK6Vl89vEuY=","6q+7SlrZ6rPZPUbBl8QEw28mBraAJ2ZY9mqdFWKqlJ0="],"block_size":4096,"path":"remote.bundle.css"},{"block_hashes":["3QBo0Wt7KLrIzofPtel9EauEbwts/qxhKQl6x77dU/o=","LBbVa2nlZ3bMmqaQ8wW2JHY6cW9LZ6d5r7fbU24/lMg=","T4nVC2SuXRgVxWj14sbFDRpQgnaUrDrwP8VtsN2ezLk=","ktjEF9M0r33+S2azMXwZpuRpwpda2gVXNcWM57cZw9s=","yIozXJKUi6NgZFpKtNEOQ4MX4W3JFgmVQjtkAu9AJXk=","vw+ca+oVCV6wRJ17m4Cefwugtno9x1A5X2LCUR5HYyc=","Pd+m8c4lC3PqVFboHhnm1zDLl+6csQ5u7tboMwXUP0I=","o+DH7CmD1bO0jNxkxApbHuN1cFmG4vDt1LEgywDA74c=","CCzIs+ZDETYFUZzP9EDgjq0NSsBlJuFdU0OLZ98YXsg=","6VwiJwwLRtGLBPQRv2f+vA3g5z8Nqw5/7cBysMzBHZ0=","M3jqm7jSJYdQGF5WMELBGji2ssL7JvBDYLSkXXH0V4U=","FyaWeFvB9kavA5WeuxVrPHQnpzu1CFMfpSnVb7LMmzU=","Z76scFuQlteC1IPuuLApmiS2ONgmkDOBzknUpshea5I=","Sy9PWl3ZpgE6RnjIkj21Ch0lfZ3ZCZ3Z6gKVlSNpNe4=","YUquw8H77LTUjd1pXIhdWfPTGx8G/YYODMO8fdzS3b0=","aD0offmJCwZ+JIET+XdXId8820pe5Ty1ga93eD7A2AQ=","oPz85L2C9Vl6D7g9dWQL4yuZdGzSZvYq/ABR2xixZgg=","NFWHwbRnbYIcLOyWy4D7mJXQG+WndBcz51KmjEUUqFY=","hqFtkhTZZx5yDiCdTt5cisy4na71eb/qxk5G8fy3qRU=","49pJ03bsxgIwb72g8F/QONN9wMKZplvk+uCZJ7dcoXA=","kADsUothBTp3LUpiD4VDdv3jjS1oYqkHEF+6UZ1Ehec=","QcG04Alr7e38TlgAe8EiHdtMSL7CjFqanEXzxWcS+KY=","9EH7qBOxv5okBIqX5y+jz3I/6421M4nkGJ5YqSTdzAQ=","UiBKKPu3rRIYrDGbne2ZxNFdjr3RLMOwqL2nXmyg95Y=","TfKr+5SNqAbQAlZbPa/u6Bx4cXcADx/mlB/3VURZfSc=","NCKQD5LbQBqxVJgc8AayWmc9kfVT66m7nqUna2+niE0=","L29y0jMd3BgO3Iwj1LxzSx6WJV327l7F6q1WJkY8ipA=","2hb0M/jrUG09UtFkAkMDk7pneDwXCDHd2gcan7gZYU8=","XjGQWy3yMg9BncPCqyd+pRgrIMnke7cTrZC83pMbAR4=","w3KwLrKoogwOS1bDiYqDMK/pyHUf8I9ri7FT2uOGYjs=","/6yWTDDBTKDJxuuHtJwmDVvvAR9V+TQrcZXDCs7lXnE=","DSWzw6t1tLNSJYKcbrmMsqhDhmT1uclU7jNhCzodpSU=","o7PW9hZ66czEk166KrHTnYWXxNHh/i1yEFdddcmu14Q=","ZTCVVgDUiGcC2Vty3SgjaD9/6Kr85HH7Kga8pTJfGTo=","YlEtz+kGiVJm8mV7q1mPt+OtLLroccoa5zTsDW2Rsdc=","fjyv//7S9SKZMACNzVZyuCxN3DS0bCvVSVsLVI8k9As=","FeN6IE+NnufngGA8wD2qt3ENE9XSs2It2byroatgxgA=","+9vQRyO3zUqqWX/T5sPlB+x74DdqaaLer/V2zJk7EGU=","SWbyKhRYmZRRYX+DijbP1LgnHLDrsqzMcs7Q2wv/TZ4=","NlkppYzecjE/V57+Eggd8rRKE/7axmifJz6LbVkj5Ro=","H1Eo1oqQJpFOmE9lhNdGk73Vxub7HK70ObAISJA0tco=","kSAlamzpgI6T4VgKyJqXjm/aoeQ4R7KKx9oct0re7CI=","ZH11ycmHS5j+pRCkJPolGOSKMvtbMyXGZW4qGWbAcYM=","618qbPWL05gixnos44QqtnolM+qH2TEJ7zuEL8B6WXU=","cX3dB7Gg6+vJzRnE88KHfGgsEdNe9z33abiCUnJIT9Q=","81KZe1NoVQ+ibxVKZTE/jw5PJYfxNVlrI89xRSYe6bM=","AYrlI/BcL+RBrqltnGgUrsxOoouTDJGIgCHxSBgGmG4=","ufIgbNnYgrXqPRn35QW4pFxMvIWqosV9/cT7Kk2lAWk=","fEq49OBg1gLkScDS4yu7UFagKU1ljx9quBYlhQrCfzc=","2T9YQxQlInKlBR8oZID8y6ZJANdnshOtDsv03YScP0o=","FvgZ0+SukQ+s+ZX35i4mKWWcTn+WRv5aNSnQTBZWcXw=","HFBQrU/LmN5DxsIkB3JYmY+5ZUUkMN+abkQ1WLU9Wk8=","AEl5irsvwnOsbpSf9yzaG0Ipp0CksEH3MGuU2TwYW0g=","yN35n9wq1uLFUNTkyyP8/9DxxuF6CnKoM9D+EOsuVIo=","hts8MO7SFaq4Phhcm98VLljZ1S/BzVmC4Wms8mw4r6k=","6IUQRn5rLhYmwutqg4aNvVucnZTusO78wATXRHABTuU=","ywJwV6J35sOc8qp2Q4jq7toDoOR415xlVgVkGmGXNoQ=","UJeHbm44+ZV6BUjLRDYBSIyMIRAfU5G0UrP2DvwiTTU=","dW8c7IjvkUwTPOasHludsu9uzLUTtPIrukN2EnuCY+o=","sa4RjE9N1rCxKGljgYn9sl2MUPZ3cSRXDtL2TZ0l4Yw=","88+xNjpmUWnCSgzcYogdcVscjjLmRgwXboIquVsQcuo=","wwMpnfHCMeqJBfOQHFtigkSslpNvMXGHKeW2uWGXNJo=","pdNjKHxgILAL+FNl+4UoTyIzziDBN4eDbDL+qiGlttc=","+JwHqFUoO3XlmFopCufg5wf/9O5k98r8ajXM+q7fI6Y=","oDB592CrpKQYzi1yHl8gE+BGeIeObB6wQTgRfIsQvw4=","I7m+JwqkOW2GHY1Kwj0QJ5pzeBot9x3BA7myJqoPwDo=","iJsBxMtJ9DAb07JRbB30oBn6AjDbEM8rFTmg3xFsaTY=","jI9lfkrtwIDTh1izDYMgNdM3X7U4T9WZXuavz1y296o=","vEIwfVvKXvPUArsLnxOzRULUnBw4VlDuT3BxxEx8kS4=","DUanSv4z0vhTYK3Vm7wQvfoJr2cPeQlja5hKzCFubSA=","/t2cSA0EZvvurLFJ+84x6m9sL5tA0Z6ib1f5cN/+ydI=","KFcHTD6ORRA3RlREcQ3xc6y9CBJgXGlk+JC20Hb9xHA=","aS3+HKshbG9P1wx2GdmP1Vm0is3u8hp22RDD58jVxhQ=","KN2NGFqBu4JrNQ5CuzJupHMSS4jeYqAIR9YYOsU9RVs=","fNJTA5Qy1PFhgihA9oYVYLab4TDMJLaDRZ9/ijrpGUg=","fzEdDkX48jYqQhAvke3tXmx6WZ51By6LoE8l4z70HIE=","3h5jkuHDLbVHv6hIWZr9qsqdGaD+Ur4MMlR0VNOjpn0=","lICdyXVo4e486Rb08CEYOHPZVylmGKbCbhEM75dq9N8=","i0v58W5JKuXNqDB54o5nuXnp1NwNklgo0Srg4l/Cab4=","KUszsTIOpRf46l0SHccqrHPxlBPb4a4zY6dn1muRU7o=","Au3KywLUdLV77BmQezW8bm1WYCqphWsrybaaU+Htgmo=","wUAcr06BEqJN/JeV2B28SbD1nqW9ALVK6JCfEN4CTRc=","DK8u89VQtp6GatnheZpxKc8eXIIYYzKnRLMYw8JzYBQ=","aZIzZGRguEiXrWbX96rsFveYtE6kw9PFCJp0d4dE58I=","rEVsiYeWsp5t99vIUZSqW4s4S2bB0QNDD+o0Efp+lgU=","guM7Gg/iftquE50G8FEKQEWPLDbhsjpZmM7Nr/97mpg=","ESLMpwMKAmHvBZ1JVz9hNI7EdoNl4UnIqlL73DwL+oE=","oEI4xSJFRd+/O0drqUDvVE5tZ43EQGceJZ36v8PzgpY=","P3wy8Eqj84FKXG1Jrq5bzYDPnlvg12pTMXNGl6JbSHs=","OBuBmfD4phTWO/+xnFqvviMgDaoznJWrs7hYFC4idjs=","/dsUGnzgZOBrdUBi5eBDEKZG6K1RL3TStRh9OZaRsl4=","MVhG3Vlnt3B9TIbpopBMJl2cSVELVvOsLCSrGLphy3w=","t08QJBLXnVhzTMBD3XT8eu/z9230fmGuhlEqTmsmGd4=","qVruUCX4iau3Sh5y0MMwAiLq49I2BVHUmkbcWJTO+A0=","LQVadWzRfsaw4bXUSqxd9pbG86V8mNGv/mAPXAPlVRY=","RwbpbhtRyrkH7r57nUcf74eOI4TSaRJ4Cp/19fZna9k=","ODmwTzPCQnMoUv3CU02ABFVDkZ5U6Xau2w6BrVKX3OU=","S6Z6Gt3OFG+ZRE62sqipVkTPI32FOnr5Q29k/xckHsE=","qTyvDEW/2TRTNsxVS46q+JHwnGE80pb3SOo23s8gfAE=","eNhJB2+fxMUPyfmjCfEdaDDNo8Cy5aUmYxiTy6UrqXg=","SLOpJ7El+ixiLLrWp6xC0JjIbw1irZ2Al0b+Cw/Y0hk=","JtKHjx0bOVT4eGVQwWE0i+WVVyZ6jgyNkTAxaRcfoe4=","f5WyHj5hqlWy2kPAfUmYQ0rPI6+aJxn5ANLZQByV/Z8=","uLM6xamZItGjen1FknIqVLFKplwYpMMGesiK7ccJUW4=","emzqqZi9B3zZaBbe7T2Xfes0pdhZSN4v/zQJ5RtnpXo=","7cTrMrbUAa5bmdmgLvHncHk5GHkyevK48R0b/Zw7QqU=","thorw2CIlscVDX9WEZTOnZbFMGjgEs5Hy5eUucPHasI=","d6kHXUX21Lpv8Udg9HMIdpBqaxwwONKzyQ+TlDAZ8Aw=","3TbD3BQk2lSL/s26r0uLNM9mtHbMW+Kplvvs38p4Z4M=","mj37C3fUishRkqvlYMdSpQKlTPcLypSLL15N8KC3oN0=","jwyXSNpvGdSRO44A3soNvOgiDb38Z0SALnj6erjfdPs=","3aRZtvz6ADaYbA3hNrHdpB73fb+hpzbyiCbFPVh9pmQ=","mZIw3RhSoJ3Flt1mfJEGL7Yu+7FLx1WZZ4NP/77vebA=","2P5JgKdbLXGE6lkfVfmv+BJEACkW/ZemUb+Zpe2W5To=","7t9eHxyMsnCi1K4tH8Zv7gI5cRdkveAz6l0znvbH+t0=","/ANisqQZ32j/2ZI2xVrQ2uMq/1gpJammAX3e4pTpUYo=","eZb7IBi/+pcUTXG0A4N5QPhH2nW18ufaHTi4CZNcYUs=","upT9Ewn1r8ICYEp/6h7mKB3547i4zRiTaapxkSKYfEY=","/a/NFbHUBVJKZjEN5L+3V+Me81PysONqwS6q3phKpeo=","uzocHmsZHtmxtwHueZqa5ck53Wefo6nv+NziRko3G70=","+773xE5FTfJ9pGFF3eAD7epD1f0YU37NG+HX0dYcH5o=","2uCDdJP1zqGbpvm+7vVgtdlOvcDLgg2rrO2PKrwSR90=","S/R9xnj1cbstn8n2JMFkumhr6xniHkEmvv3TrMVMcuc=","/yslhQbZBW1v60MVp3feg9m1e6O7VAwz4DuP0VxFbZI=","f/hZTQDzXOITX1PtEa0VvCjYHrsmB7DakUkaHUx8Od0=","rpf6WXgcPRNv5gMR//L18P4eZvTezy0+zz1GJpAFZK4=","Jc9X1T7NdDWXDAF91xdyOgcBg7rn2mdqRu0RBhrJYj8=","cvLo+Itx8Wm3rlfzGDf7MmkJ6+fNIm0m8A3nZ7Zp0PU=","n9bwnHj7aGFjPCiuwzfemSNX9BOhoW8xMK4cFSv9Jvc=","LW+C0/UC/0uWeMCOusrwx+drug41ptcMhI4eWaF31Gc=","8kzbgnFzbPRSOJHWJuM4Yx6WAZdHbDwdJKwrFbi6DQc=","lIbvGfeFDGbC8Maf0pnLwCg5DkZtLSiPssad+D4KDAA=","VMV9lAvizUQq5YdwDv0Kre/tuYCKNMhxHNBv6gxBFjE=","jnP3Yr0UzLN6GyM3QC9bbXsPwFcwP+eKnRu63g21XXU=","tKBPmKSk388PnSV/dcO3XcMrHDH3zHCs10WNxknvqYo=","zSD6HBePbUyzt+WkjQxMHbjejniaAuF1Q7ISOFeLQmU=","ZEbirNC1sxWACgSD7AGXOYiRNy+CV0u3QKLsHJ7XIhA=","y8VRLmpmXVEFYyvFzjBzu6LVMa7IPOLuGEzKa2RoVZM=","Gb045jMdMEqg/zLAZP51XBwc4zJZaZXXGCNIyDFZ2VY=","VLj+Jz0kiJClbFq2cCFpKrnKbyTYt5n81jjc/tY3g4A=","pqAZ3j7LsKkTgf3ScM6pwc2zNfoL678C3M6dnPmqAJ8=","YwLhtf7gl9furq5534G9Y65/yrW6rh7B30BBpajIkNQ=","ZiPZCoypTl1bZYyS8bIIJrVdB7BFiIGfm/okNN1OjIk=","/zJ7Gz1kUFYu1vQFh0kphjowYF1226yOwlWBKs37OX8=","lNrXd7izK4pOQ+ZA2xH4/iiTH3nlTFQ1Y89ke6wZfFo=","7nNMdRjrpgDG8iEDwo7GipZ0+y6khJuvkJ/YzZpuQ4A=","jLP9sRGspUERxwBByCzG2dKeAFBWNhpbr7i01nhkuGk=","zfkseqCj25VU07kRvWXWrswmxUd7kFH53FZIXIuSV0k=","bkWznchMNHbbMA2QNsDgE9OX40wYNRtdVoACS7XZEzg=","5yI/qEDvzVm+/t1TECsVdCn+uKhi5knaGKE8Tt8Zd3o=","FVgb4bKS49mE/aBvHb6Oc2g3VMyEGaMP/1afFKzR078=","KtbYAeWbBczNuHqvkEzLRRxufmybA1BA9Y1CbGYIi0Y=","w2CjqbiKx95t8NG7KYTQJU6N265+hGUSeYdPgqW6M/Q=","ZU1BMT5XcQBNUOrEVZhUZGOEhHgx7QZqqT+Ksd2o7jc=","OMAA3nlWjrZRc+HCanQNAlmyE2norHtPi8DY0nLNe58=","j6bwlTE9IJzG4FefPkxb3T5AImnCFw5fyR48jkbmGGw=","E/Ps+rgEMtnMo6KEJFtNWbb7UUPrFnWEEVpT2FB/uHI=","XDMimnSDvZD3TD5LyRfx0KS8iVDyzJIdFnL7xcOZT5Q=","Hw8kGnfUIN06CPafqx9xqqZA5V2EjhhIQNtHuRAsmxs=","RDyKFceXmwpGlQpY63UCtSiW9lNQV1CEBU4mz6CtVb8=","SQPXwA5BsK8kcEKwLGkfQICnQq3FPbt30ZPnP6PZbBg=","5guz+ajS67wiDfTBuaseUJaAAKJwLtvPoug+STdAamQ=","8Jxumo/ds++VIoG9+r1Zn0rsv9F37t5Oni6qwpIHHbs=","3wFq8rMw/Q8W2v9X/Gfj+IA54SvhwBizJwDNMaJMT38=","nudKHYducAWko1QXss2u7NdLomlN88pI10c9q6aMeLg=","+OHF8uyIVMwwRPhio8EQosoCp0/9rLu2P64WkBuxP3w=","blJIQZOTfEdmeblqjvyqyubKob4Z0TO0AFtJu/wjLug=","oXC2iArs0HuLW2qKXeqdpL56GRPsmAjC2mNKFJqHDmQ=","I+ADT8YPkBiXjS8bDCtZeO1ZBsQO4h7nJD6QhwGCQ7g=","NYCnWJejhw0/tmX9Nn9Hd6OabJqUGiF62SwSJSigip0=","ONm+ZM+W1LAFouRH51ufbCTW69aSl7iSIHS09wf1OfE=","yPh3qkqkxIZxcVRTY+pWmwFve2iJ77SC89Gsedk4w8o=","JGkzjJXNMh9R5NvThePScOdyMTdErG+nKYqlwatB+lM=","mNnClW/qNs7PG7mJ8CTMCLS74CTkLCO/hjJ0xlrGAzg=","3uTUfNzkXKbl/gRzdzlb+RILijHMufh5hb0g2JybAgY=","nwcHJayXidF0MnfbJvE7qX+38BjJPTjY/o2Xdx6D7jA=","TvAxDfNAnjntHJgD5n/7RiyRendEBYKtZFpZxaOrh30=","GJmNcKWcYwJCSqtGf8tPfXr5mSMcT+kD8TTGf/qsP5k=","GazS/Fu4P5cRPai1k3sLS9Op/W+N6ubHmEqChAmc1Wc=","omjV354dHjs70PxeylN4VG+cJglRIiFJBf8SDzIIYZw=","9UpuSNrWwJl7lvtSo2e2RoP7ETbZyQpMT0Odn5WYIz4=","F+U6lZsuSfNa1TwkmNzisgoIUzbGBe2aaSqAtpWxaPI=","MWoA0g8mGVoEtqvDMVRafvM+MLbY+rFjZ7rJ3XxQotc=","nKswBIFfwF5Fve8Al9RmfWS+YM6E8CaNtg3nJzxvudc=","+FDLjp7rKFf5dXEVqXAMEXuyExFtoOLjVl+4GfI/83E=","XKkRzC6Yqu4HLctPs34aR3dy6oeU0xSr5VZ+ZTcuwrw=","ouzLg/gmsATxSc1oyfXnOWkQHCU//AR8S1TWmf+5y+g=","EqwMxdk3WA3TyIqItXFHSo1l8ekBo2UQxNxRfUX3ZBQ=","lFXDYAvuLeSM90yz1QNX/Vs0ZJzmh/b9bUWxENeT3SY=","l+corOyf5V8U58nDeTZaJDtJSzz1WUA9AtRVPcAcQTs=","Re9hCSqY9XOdgpmmYkxEQT3pwGV4biQPTz2E6e9QjsI=","OjOJ8eJaCzr8dWiRJG+PcQdjZ9Onb/JaSytSR/aznhI=","ajiS56Q3g+LnlsZ63gc6FcfsFU1s0pL5htpOMIjW01A=","7kmP5Xn4UhF8eg0q8WW/4QnrkUGTZyXkqVlJZmD+d9g=","n5jiIgiqftXNVsorNIEawz7DOTHqmFiOlFs8dzWmzlg=","q/Ykls025RKauxovtUfdKeXT8usUG55ZjV+k/uZTeRQ=","nmUyFFxFeAAhw5HsHUHdvN7WIjApYp8ItcGxLNMmov8=","ViBgkrXbrCQTEWTqMsjusYEmCIqNRUiNeesre7D3QYY=","8t3CZW5mlxLKyAWPfeIlThbk/z1v8so/PqGfbMPmBEg=","uBtaZhiIvc2z1UxhdqmhUqvqidx+rgPA6fbHxWwjn9s=","2BDRoI3zaKjfbH80dVHDhJPazSTgC+s7+qy3RtS/v1c=","r+9pULMm0LJGhLgrfOHWyqDlkV1qNPDGagdR5hh0h4c=","QkdfhzxKEE6YrrvJpCekZCvSNwfDaKwbdOLEns53Tw0=","e+jaYeZ4HuHKs14zcqt0i8QTYFW9bv610L0iwlyLqVM=","X5pw6d3Z5+deVlpWtq8ll2zu3C90a3WiU3UOmoOFrIA=","WmvOSxkMoFVYlO9XB4I9H/RTYbSR/RF/lnzHhExzNKg=","prtwvdmt07GfdYrgAM829vVYZ8diA6MJFn9OhnI8dfU=","FJcM/763lVTm1cRTJ6nrDaZC4siM1Pf/9Sm3V+qHVbA=","jo4+0N7KKD4htKI2czYFVYYENN2xI3iv4Udqmz3btn4=","h+jOo4xWZZOT6wCbBHrA5aT+tdswZpnuNLj4VvTSDow=","5WI00TJiE68/1G5l26PyNThGDvtMicHzwlQF1tEmPto=","QfFQBj1HFktzutZkcWAVproB0gt4Pvd64eHMXOkhBpU=","zmY+fplHA3KxB1ozOlgrWmtSnSjduJmVo06/4cpPGPM=","GtOyjWNu3VW8kEd/wR11h2zHKQ2sPdvm8vktzY3gZa8=","3N29+I3uWVGEqdNHHZHBZ+wNhALS8LDMvMmJaV2gldk=","aKkgIgb05vt4VwkmqtgRRUkpYOsVpFSJkd3ekj4wMP0=","q/yI9xUBGSYEot9185rBuY7FcEQ/VLnHH+P1ldsEBVY=","ZZi61jeV7RSi4+hEjRKabF4Yi/UjpbheS3TfjNt+5jc=","ni+yiFzCe9MiTl0gViH3v7SSK06vEea+BDD8mrKh+Ag=","U8PkRCvtofBmd2U9OTize9h+JmY6rqKO2sMTNuz1icg=","Xy2veZQU7LtaSonYrq7EXjpmO4f3SqqOfv5mampZYqQ=","6nfjLMpzmuVIGNw+LuM+jIqjzpP8mZ2nFbaQg0XxYY0=","iy36vXeyfjxnFGxPcjStmXDjGhwWWZ394XLKIQxaRvw=","C5oFd2lCT66n7PTbhuB9S/KU0g0BeHwzYmOwDWNc/7w=","V2SE3F2qpALQMwOMCt8E835qNkszkv7/7EMVy3DC134=","krp+DteAUq9fv1EFQtXXZsL4MxsWU/ssyw5iwha6jjU=","k9LvbYDprF3FXTFSZfXaDchjoYXOLbXeO3htDl8hgds=","WTjIrlTA9k5PBkRuGyZqH9WC0zPJ8g++kHcFIExMqmc=","CHCWfby1LWKK4v7+L9TiROzzZwWC+xOEcUdLhJJnfcg=","wNBGIO9a77IxCXwGmTeNAQuAhOh5ochrXYPXMh//hCI=","IOrKyaCA0hMDheowOiBicLz8vkKRNhxVpOtW8pjGFfw=","d67B3vSsBkKlex3Wq/zC1r5WPhGPDhyPGvE8mISWggs=","E5lXJvzGcu00r+93iwRuLD32IenWAVYLgw8NdD6gz+Q=","96lWdNL8dn9h5e6UbjtY57gA+EXLPAQtmLNBaUEAhBQ=","GIx4ZJ6yVfRs1qiEUxAj/HBREjKqA6NfgYcJ/OCSu4o=","bBNE58OAz7rIp6mY68XFY5qo5/GowpmXry1pLWFvhGY=","Bzjo2iJ3jSiOl2qeKkFi1ugrcsGCA9zRVLHLZ7uqxWM=","WRJ8TP4cx8KAPnZplgI2Ay9nwXTS4m9+HpNINxzTXfE=","7o040U9Iu4Rpk+qD/eFBZoWPl3a378YwMuUiPgOjirE=","RXp2uHV1Pl/YwG1biGdUNt4VJZRxzqrNKhI3CsRuuvs=","x/GkQiAMWNzAafpPm/TjIAdvNWyT5xUhXahSlPxgtsM=","Wr8R5wcFKhojCDZpW3DBDUbcWsFBOP7iF8CWJT1mX1o=","/mzhwLUycYbUd69iSxHHzeMl8pvW5lr2f/1MUPLgBls=","H220bpfQZeHYWD3ME5NRWGWWJ1jfaThfpzorTgK8BSE=","VoYhRttVhhkRU7tj+whndjTJPA2PXEwKjclMqIP8Q4A=","SBCgCc6gRGl6yvPnNQsoYisMQ2O1HcGX2sSJ0XUwRuA=","Nlfon4VTHkoh5KusEEPWp2+ktEmPnKJmFQoTWKPEZCI=","JZ9yVgvjMCBgIFvcNip5nN+WRbgO9jmZWUl46h/9eWk=","06tHCl4IxKpNw7Xhd/z5pyhfXHJrtUxjELioPNwh3P0=","Q2fw5lXSPkNkX8wUhczhd9ymxp0dxJwIoaFcvlgIETo=","pJDZPQ3TAZvvw0LauHQuXPnkWS82NTFUi+hCoG7CqRI=","Q2bQ5HcTIlqCSCXWZszuiIAhfuBndeFvEZ/q0Tj8+Vc=","tLRZcL4sCDBRb87CKQ0VvQiaLLH9UhPe+Jws856weQw=","VenxKuKKrrIPG7dkDlxaqwc3ZzIxauoBf6x1dOlO2N0=","zEgkuKsY1xQGwaNm5Jun9yIcyvv5kAYQQMrjsEc44QQ=","MhwfchXG6nV70rIfT+M6KaFAqXeIOYm62/qRPHoiYQY=","6bHQ+gvCpdb1Ughcfk2pnuoAckLSXFWal9EOUIFcrPc=","8lcuZpGe46GPru1DWTWSFZwn6/YoTABdcbG7UclxCqA=","cFmT8aogabGKXO4hyf6dp5qxSw/B1dnsFls601ZJIKU=","KQMQTRZdKt/+4TE0rezgn5rJs+QL5owS4FGO8Uwh73o=","SiXNyC6wY/Bo7mlcWCX0BthN2b+v9FqP4yTxM4t8ers=","EuY0NwvTPokWnQ0M26kZDdeFIxtsIaD7sXdTQAtEwkU=","MGgDGt2SRSQeN3fwlKGaJ2WJwxShAb4oXQUyC1V180Q=","3e7rOQn4nBcEH1odNCpEsMX/g3ari4nXJtujpmBHEow=","ApO+CT0U65t+PpdAVVneQuPQun0HAQHRl0xFbC2WXOc=","Y2rs+obaV4HbsCcFzYfqnoq4Oli+p515pNvHCE+Vf7M=","bLBZRRhYcE2aP+5AdZ3nrKzwKOrMDhkOu4dk3KrYjjU=","i7smWhBAiavLd2VBNnMwLWwKHDtqSdBX/0fZ7K7rE+w=","ALzAtebfXEHx4/n76lxsRJj4KNviMzGqG56fXTo1CrE=","7g5J4jE2IvO9UiUc7YQdOtS5GrLm5BtSKXViDyx2a1Q=","r14Pj3WGxiC2PDItob6yLAc1c0OvJXo2kiKs4BJBGvY=","9/B+8voEeCbEiMvaAQzWmvz4CQrvK1PA3dH84mpKDjI=","pDR42GXA/HCzYFSnMm3OMFKauJPqZel4Ke7dhblwS/M=","6CGlCPx/dbrB1KESYsutrPLuoH9MjcR803LClo678UI=","Z3mVJz41//NckZIiMoSB4Xe+Jt0z1Px2RfWjcGIGgx0=","P/SlC0SHd56QpAs3vYmoxZEOHHxUaz5FoLiW2NDA6k0=","YaBisBzDfAfJBX58A+fR6phQ2L9tu8wPtFcWe1oWf30=","u6cwkPZVF9fdbvj7H8JGD8tbmfhTnRPKLuM1vrRdByA=","JIFRPyfDm9e39qINthsmQx5rO4MRtXoPA7vVM4Zyk14=","O679ZAWPgrtcqMFQJk9nBRx/5qMw15yb9MVrJgbvaZw=","xbpjAeIzWSrkCBJsOU0NB41lkujsmun9csyDwjddRfk=","IWTlLHuL9s976YdgfY5M8kqbQGzCECpG4766xCzFeuE=","KlW+l/N4vmZN40re1hcFulPvnuPNLW3hXzFWdgj2/7s=","kOrbLEel9XxlOa5gau3/V/s2geWxFWxOjwK24T8ljgY=","mX94ajE8MjlsaIMIF3MGFRlJY2OrCqyQy0tIFFaDdso=","9A2SJGzTEP1V66DjfYfsxOoqdExhF8yqJBxhoOLNl5Q=","VB+34WeSjJXW4xopfb3Nuysm+FO+K/BM9HximQjbzhA=","p6kNs8MoxAF1pCQrTV7WJnfLYWMsQKw5rsjXs+rrq3U=","UjyG1SDL+hjX+v8WpZGeeMFYz1wcqxaMLi8NRfwd32U=","YEmEv0visixoNi3YX0GI/QDprDnPAyz1jxBhtrxMVTw=","38GrEK3Bz3Nkjl9Nb3+zlqnXR9e8yOEId75oOxbUV+g=","xoa4CyLeifximtdQC5kV9FIU0aCmoH69U+3rsyVgUDA=","AHg68g/xh3G0Rv+ZU+RJVGkqBEk6WbfyQx5aPZyWvuA=","PsC5ritdxoYbASY78CBcOCns1TnNbYxMhj7m0V9L8Eo=","fFAMCghrScbxNX9DNNgQzTQ4wXuN4PjIICF20LiztNI=","AF1zvSoCA8+qGCyEvBI4wINEGJ8Xvs0L5xXAZormC5w=","tyfOKZBwixksb+l+rKjUXt9S5Fn1ZYQcjOqbgw562nc=","s4QE4S1jo16HLiR7jP0o8CGJzUGMnP5QePeFLoylz7k=","9I0rN2IkYpwZNjqI/2vbnKNJ8jQDL6C+z7RfZXn8UsA=","gfoynq+UACJJFoaMXRUaB/WpDfgFGcyUVfaKUsQPuoo=","R1S2V2D+DXA/G8yRkeiNDwqxGQ2NMJc0ZsLvflCzzhU=","D5WgviC9HSgm3tKtLAvMDW774eNcGyjat6DFGCCsVX8=","xfpyQf1pU6eQyjjNOQRn72JrN5oyd/Lcs3zAIvYOMFY=","jOpgthNaPew6//31UQwUS598zWQWZkzEycBGSTKZgJ0=","dwvSeYkyWaRH3I/j0ahIgqANKfUXzVMJKYtlD5h/KOo=","AjQdo/B6+4zrVYq5118NxjgePRAfCxz53JV200ASR/I=","skhJLTbWRwyUJBgCAnUPIFkpc4A1vMJuiHO3xDbXgzM=","6X6AMTPLkm46sxmz9pnQiT20nKh8eKU3xoIbbJ4O3QQ=","/quxkgwKiDT095MIiWFktPEuLA+IolRxvfzun37iL4A=","yNNEtHrtGrsdoiNgm72WHvnqLpfAjIsBdLazemP6e9g=","dauy2pCOlLowQRzmg6bxq7UvTUZBfYVt8kmGA24Bn7s=","eqqQquq/7kClRujopCgLLNMKeZLmSbH2oINtyDqKzGM=","cJwl0rJbX4nAzaBKgVkzpLzpExW1ZIiAHvS/7YsscAo=","VtL9br6utskWwwib2ZfXsTWLnnY/03TNLQ6X7XmGyGo=","IfoFBEeWyzZjNqOFsQffNJLrmHbKRnZM9SpWIEBWGL0=","MUkoEDLyVghevBjoAxdX3lKSG91DALitNurirMbkAAQ=","AOSa83tThjD1c+RgaW/nyvCe3I4qo3M0ui3vpg9NDnY=","3KTmQrNN/gNDv1Do0pFklQpjuvtutN+s+eIT46q9UHI=","iEaKheNch+o0Pi0e0RChhhfYn32Ikce4IP8B4ipOzwo=","S9Z4gsnyqwSLLYqCaRGc355234YjRrmwux8EWxgEQjs=","rGBrJnUVVVmjzR6QDT4awX30q/CEEAq0baKaJh9QWUs=","eqxWyvDOOVIgbIV9jqozooHXM0dYpYwKn7XhxCOso1c=","42eosVfPABZxC7Mt13tn2CTYNOQyC+o9hWAx0ZaSe/Y=","vhYkjplhBEoOyTZFrVAWpTenoN8+DgxJbRuq/4BI4Ng=","0XBUk1LUtIue+wx+tcSHNaUetxZsSmTigwDFB7OWM+E=","axtaF3oCEB2Uaij6lAIjLNkIFra0I4Pfe48CjEpSoAM=","MxLNW5Qs413u5vfJgvl9M330K0Dsu8yY4Ruq7GoJvKQ=","YGSMFaHJVy17pkIswaHN6452ClIk5htNulMp8ckM5vY=","yKNSCU3IPCNDJNFbCksuEqjbDGR+5DXH631VLKlWstQ=","i/rNGsNgxgVrBUVN7w0m45UQV0h0kxn2DsWXsyN2FPE=","syYfJsbVZYTYyBp7b6Pirst1GDZBvxHwMNbOqHQzppw=","42kO7qW8eUdBskRrWheX/hJ1CKFH4say/LU5q2xL2fQ=","rt8d6k/ptwvwQP6rueGhEY0jkIrYPxvlSXhcZSe5rLQ=","kWETsgluoSkYYCEEtNg0vfVgaW1jjgU47lDTz6ZGlBQ=","7z7oLUeP5E+s7U/0f8Fxl4YFHiTzu3Ix/FIM5RfHN1o=","S1jPzjV7M2Npi75z2MSa58guZ6Ni8FRUihhVkUgaXEQ=","XmeXnBBcPe9k7rxZLUmN4hZZdS8//wLPR5hj2WvWbv4=","jgYLqLdqPKyGUh+CTiCVpmllFhzMY1vXUdxJMWMxmXI=","Wq7ry6+p0OocW9ky4yCsBVdloGE8BkxIdUZZlpHPcI8=","H7jga9zF2ZdnuOZDOvsmk/kH0WqDI8G8ShIHwhwjQg4=","Q3NSuO7+RFl8LS0oRVj7wLzZKUE9goJgXKkYlIYEoAg=","EBZuQxQnaTnNaJDFHBK+6oamxqyY9j94AI5SeXWR/TM=","lGeLAbsODZlc9IKzX2RKlgRxoWY5jb9ayDhybE55h9I=","HVaUBGnlWSY5ng3vg07wRj/o1HYuJ7F+nvI4ylRm2X0=","jD7OX3qc9L5omJxNA7/zUGQq/DAs/5jORYbRJnqCuwQ=","2A4oUacrlAQ8YEo939gImrG4TIjxsgfbqj2h7Ie5iI8=","zXa7PczQPQg2EiTgzn7jefauroHBABelMcxEyA/k/GE=","3y9M2MkKiyf+b69Je5+WS+Xq16toeS9WU3DngDft5+E=","zoRnAnB2UGYZVqd9CnVO75tOzvGmIL2VLrmK91zIVqc=","8hsUXG7vSJzd8r/5qgd/0N/Cmkl5QW5mX/k4IP/u0n4=","3/IW/H9TtSoAiBfeZRZ6p1Ql4FAzaZdnDhwlzp5FMkk=","Gw+NRSvh1AId5cj2/nsqYq2w3dycEsAvgGQsKnPStOQ=","h5pdcxJQl401fgJG07UmyRLHfvJ/LQ47OhbCKIRyQr8=","Ggo9jweieg8DOQEh6rUUsGtAoirA7v8ug2CkIs5kCrw=","PcD6L8uuITPF6fTnP5wo60l4a7xSoy45vREBTDt3fGU=","1Jbyne6xM9AhQSYDqGku9avKFRF+C8ywHRUwKQ7YuW0=","HGTE+sKb8k0m7g5iri+whohNsLq2z6m5MeIZCCF3PXU=","/Xvwf4Ts0Riwr11Q4O5AjeeJYwRXdo//vbbg9qBG3Yg=","Oo5hC/bq45LM8T+PMJPNcaPJ8HBC+Guwn3j1zPm36Co=","jU88I1AwlUsvHoJkl9T8lgCBtVVqb2s+dDsVwvkNOiI=","QS7cC8jwYx5KB/9/u2RJFreCcfwox3eBiG2WrkeRjKs=","OqsAcfoaWU1Qqoebu4IjF1ixqJTJFi73buQ2VhkzBNM=","I3eC+TYJ4LGyThRltV/AVqiT833Qkpi2yXA2BbMqoLQ=","pwm0jYevA8vwljHd26lvpcam2fW0GY6b/QWHOsTCBkg=","HK+fF5IjQ7OZqa7UPxlaw1cVNY0W6PiV4JC6rPmm66Q=","wRZABez4MH3RcbOj2NmtDiyMyDHoTlAJ80tNTc+zcQ4=","ZjF7UL9aqTYzlxbToLQJ+d9WcmhMgHWGHWKb0i09IC0=","FxRv3RgSKZC/I1z3toOkxxYz+PC9R17sLiLEfmWeZJ0=","k56UxRvQMiT1UwHT2oHYWajOTtFR6/aFU7plfcr8z+k=","OEzFsQqQTrajExw/HblLIiUHQT2EqcKZB369zHIN++g=","evRJXDNCCyFeljwebou51/LFJMSr+To1l1N35hzZio8=","77oGLWtoT0kWvZukEFa8dco/xQM9vcILzIwozHHQ1X4=","eNdDaRTgw3y1aW4ucy+yE+y7CvE3+LoKjTKlze9EpP8=","OL6LxZcJgzn9PKxtYavyyyYo2/VytpzYcNLnJ1Tspx4=","zxTrncgCH4xy9f9eg/IjmNf63HQXq92gdKS++rpdPsw=","JNmbwnLfLvmReKIT+7n7nEJmStmAdtmd52v+m/SEgMk=","ea6Ov/MCAFVXwho3D4XKo3wnMfm8tzQt0JSNgHsv41s=","4HxMeoPBPuKOPwNAqhcqmvXpswziVlyW/sB/WUu9oFI=","C7nXtnYhQ/XNLi7MYLnDTtjmzhLRmzlAuh1UvQsuxeA=","NUIzjckp6+LXK6vyYKkv6/czCU3gCRotk6FKdXb32Tc=","vkOXk8T7/mTaBp+7nHFs+UYfbNjX2tZdE96JUxeYTis=","gMKkuE0EGZddpHC8uZrELDHA5QnA3Q9fcbgNvzoJkRA=","qHEFbbDuYfidiFySXHEbhrrbi0NJZjO07Ij4TvkheKw=","7Hs197uvgsHTrTPy7PvGAsO1vTsAePkg0/Mu8A46WCc=","oJbFqjckiBgfCHaomwHbGiKaJsIKIPV9AW+6DWxwThs=","o4++mC69ghiO3lk4VSuFd//LzSzeaN5bd9gZhJ4vobY=","0ewPLWLa6TOEch2PN/Wmu0DLKXSYhlCZRYUyT1cZNPU=","Lu/nAi4ibgZXkYhCeSQ1tJXcbps/6CvM29cYBE5+iGY=","YMW/Pwc8/9mkecJ1AKxr515nMQsR+O3IjmhEAW5pGeY=","9FpFVb8KLADLSYdPuN10O+LO0/DzWm0UTsd++XFGrxE=","a2xMVEQ7Q75A3dYgKiPSeXbabJdSjFuX6sYqsiENIR0=","O/sSdj6b0HcGXkvBU0ZmZc4ww3FwOfwNDJymgeWPCls=","Kj267n+4v62UconiX4rOF9ngYP2tVP28LTjbKkJSNZ4=","2WMa7xM++7aNtQwyqi3s4k10eIf7P8NuO66gkIhD9fo=","7t4mEzNQg0OSLYXRbSna2+xjyBksd8kPflzQQVMb+Fc=","g+RbQZtAYgjCPN303qL3Y4jW7JHw3/D0cSLFNhkKrmk=","2jsYz8kf0PZ21ltf947zYChi0zc5LZ62AUtnWmqHKxY=","09GjD+gb63ZLritpuqI6KdGAw+HliY8Id6NDEahdJPw=","Va5YFZMIWWX+H3PdV//vXAv7+mcNTQBbhm2Rqh2rbZQ=","o8va0I8DA9mGmXpr5llWr3kdhRvrLXOZRbV+SD1lvLg=","rxxTmVDCoP2IL/QveoWMKWKZF7c729nB1Wd8JfsVeuA=","q15w4apqzmvtBCIaGM3/cQ9ELqfXTJU5Xq5RmIEtEK4=","f0jPSukXWpGrzr9GNYmx7HqdQHUXGi4nldnPMhRcjJI=","mWLvHsJ3mhZuI3SFdd7HkZNLQted68ulBSzvZVury80=","sEqZIKUadDBKGKA9TrewFdYiHBZMJo3+bvr38rqlgI4=","NN2LnXI4loYP8XKNfZPcvhfCLbnO8vzoikjgIW8j4ao=","dpLcCUWLrggc5ad13orDXKa10tAPl/80v442CA8LN+g=","e8PjTrM7MMF+GqSkq9YWpt3fo/08T+kyuRUuDWk3qsU=","x8+8dhvkta2z6YZ+4QXGXh9gSeFCIvGKw9g79xlX+DY=","PMsPMWWvMdxuLiZEQQSXmknDsAQRSSNB91DCT/djqug="],"block_size":4096,"path":"remote.bundle.js"},{"block_hashes":["EmxEW+iirdC/QoCvUUmporqIVTHG7JP1OC7+jR9y8xU="],"block_size":4096,"path":"remote.html"},{"block_hashes":["PR89Ane6MISUR6LnDnZ4FcEy20YVBMaUkqaqFJkBZuU=","K6AH2bwJKy3/CdsKaC6WzLrX5HWytmnx5jI3Kzuqh3w=","Md0uSHJGpkZBBCsSmyJ8g4P1YBsYu8TddFhrsaFKa+g=","goAqpNtoT4pWoz02L0yzk3kvyInLQy6yM4lC2Wf/Guk="],"block_size":4096,"path":"roboto-mono-v4-latin-regular-45PG2VAM.woff2"},{"block_hashes":["Eo/kDQc1wqbGIDb9CQOZQnJO7BwOmkegxMZgNSQiG7I=","4Wuc22arhSR42965j/4xIxARAGfAYqQAecKM3R6pWqg=","6WM53kEXn2fK5e/MuSWikJW2I3rKyVBEpCIVdZAd9R0=","+9t5MFrJMbnQzR964I+gcSR8D0zLp6B+7csWNaClfGo="],"block_size":4096,"path":"roboto-v15-latin-regular-3XGOHEZN.woff2"},{"block_hashes":["m2IXpJvLLI5euMyfVSZLWf2SupOwK1ZatQFTTioWeNU=","OLIkQ2yS0faXIq3oww33cxp76YSsqHJEL593ymGr4mg=","w8Vc1dh6UhX7pa2iHEL5IdwxYg4h3me9skrzEvKHg+k=","WwU/p1ckIzLpFAutXN3G50AYR51omnI254SL2nSlOtI="],"block_size":4096,"path":"source-code-pro-v6-latin-regular-T5LNFASY.woff2"},{"block_hashes":["stnbepg8V5ls4DbNddNj8bbMD+jaG+nGUR+31kc6i18=","8Rd0KOCAjhG/1UKe6pd2gy4wgHdKcep4IZPvhS7YQYQ=","xq8Dgwttgovz5v8QgCrBx+VIbQJSRFwfOfyHThyhyPg=","37MAI3mAjIoT3WvdJAdaGi3knTme+DY1dfvFwnVU8lw="],"block_size":4096,"path":"source-sans-pro-v9-latin-600-S3ZWYGUG.woff2"},{"block_hashes":["MFYyTudZrlxr8bDHv76n/dkoVoOChHXfexXiJlBjJWk=","5xwgDt/g22UfBb3nQVEHFCIxy1wILvDBpFcEnetxNlY=","LGTSV5/YuKanPFqxGGyl8yfSYq9Pe/DFxi9zw6FNf8E=","e4i/PKFHAp8jHAfHM/8k7AApdzO6JzQIh1QcBYTz3Bc="],"block_size":4096,"path":"source-sans-pro-v9-latin-regular-BEFFICBH.woff2"},{"block_hashes":["AUkDdeYWJQsIDDjI1c4PimPjY3NJ7Xk9EK6Vl89vEuY=","6q+7SlrZ6rPZPUbBl8QEw28mBraAJ2ZY9mqdFWKqlJ0="],"block_size":4096,"path":"window.bundle.css"},{"block_hashes":["Yb3l6eI1IOb5g8P+AHFmIccCwT3ez/FvwjZpbDM4SRs=","phaOSH0xHnN89PeKtfawQj6X/yXiNXasLAAE7N5F6Y4=","SpBQDSfAjCNM135NYeIZv/l7Uf/hu3r0ZAbzHJxfbLA=","2lw5SQvGLxLpH8iVtXT9d3O0q4ZaLYvu7viISd469eE=","dmxRjzMVOSeItzNNdsozkl8/eosez0EoxbNk2gyz2iQ=","vWJmP9vh6hzfizmTBmE5/UqNJ8jVsUq4Z7dciD4gqGk=","NBEMuxDPspPT5/NMdY5PhnqmEwmx0lSM0XJikfJZBzc=","i4bq8T/yPevjYLd7HBASMN5kGTWOX6MvS7PCqyO9ee0=","LTZq7/V8eL+oxOovxx/0PCkKVmHBopEX4VY4e5k3J9w=","QFEuRCWwSbfIwseIV7ESESWrPTv+LM0hvcYyjeUYZ9s=","ZftnVy6IssrY9VKSkD/9UcXgz9g7rd6UDRsB5cqf7Wk=","fkhUWADXDGwhknTnB2hFK/e1UeVqrobuS2M59b9qZbg=","UHHsCm/Qn5fqRIQlw2d7FDXjzKPcxcL6Bk8N8E49w4M=","D18zvIOf6p10HZfZJKYQF4ZegQqKSHdslEi/NzP2SmE=","Ha5o028nHR67UOQKL29kFNCEeoVrEmr8fhV6coX61Sw=","ht8xEBq9JMJOZ/5zO9mUC6WFN1sqIil3i/gy9+aZ+Yc=","pG5cT8TpEqNrt2p5fr6JoBqMpUcFqxNZiVD1kC6i884=","m/ay7Do90NvPfmMMKWDBa4i5/N3dKTFXCDKwESh8lC4=","VQGCLmWo88GegSoPRKZU7jXWRmO9hnxl9IJaKan+LP4=","swWIa9BUzlEA8AY8xe53SZMc6kbiVdirp5mgAio8L4w=","5pWuhOQa2eOQiCDwmNoO+2y95sZN5dHwVf9SMbVWBKg=","Q7sEySeBkUiEj/9+PfG4i3zVI0kcXRm04tqouUQd/Qg=","HiIjDK6l9gO1gWmCtxIzf9dvlDIjnx9Rto5IHmGSa7Q=","x4eyxKr2MumXRL79966DNMUwPM6XsAatjfueY8LV/i0=","k4pV3S/cG26WUgFKnhnJH0uR2cvfRKQuRJngKlc2HCQ=","2uWK4kTFFgdNWYtQUCFErk3lVGwP4PsUV/y1T8oUEhg=","Hq3X3eIMjSwrhQB3QgzEWMguegLO7/MnwFRiYLZ2lGE=","T3b11yGf2lteIYFXndQtjllqAZAwTYzZihUNfU72Ovo=","DAba1Gz1AGWGvAGaZN6fd3FQq3zjvGQtNtt9RpfY0LQ=","uS5/VlPPdf4fAmxQaOPz6Y5jk5eBpzAg+ILOy1SbSac=","kbNudl/UrLBsVHtDhfhX4SQbanZD9+hSHbVo9NeBvMQ=","hPTCtRhRClWrJ2dLW+FF3sdyRNTlspXk6rgLET+YYC4=","xlKjN8Zjzoih4LehY+AZtCPGMJ+CvwAEs4GP4vVt7C4=","VrP0hkusZpaOz1AmjJ+uZ22sU29+QmiEb4BpSWbq4/8=","IAYANJU2fcDb0mJxYHJ9K14FSzAKhtIWeLD+cT1IIW8=","5ALZkMv++6Ygppy8HLO7+300fyShU84pg2N87IdFVHo=","8z8Z6mPJrD39lO2yy5aIC4OAKhDthvUrn0/wG4SvTzo=","7G5TNs/PqLYaHSwawDpE4+nkexBwCNvpPmF7D7VYqek=","RjWYCBmwGQN5wrGmvxBg2Z34uQkMZji4umPt+KufA7U=","NlkppYzecjE/V57+Eggd8rRKE/7axmifJz6LbVkj5Ro=","ybZgCioslb51Xly5QSI1EV5X0Fd5x4o29cHOiIH6NaY=","Yiswvt5G7tPfO893NzHA/Zut2bc2DAAWc6muEbHrGCo=","UcMxqWEnqNyyJ7wpbTmbRRfEi2HlPbR3XcxO1Xj1ZII=","9LbGjX8AvBcVTPDqXVQyY7qYMHM8atXsrg/KTvdk4aQ=","vp9ha5lSSJBwc3fdJBDbB9TK0d4pEwLrxcSlAbj55WI=","ZypwQdxVvG2oCH4s4UHnA1zTM/UsVqjzTXGaFKxWCQ4=","+BEQnMcC7AqWAjAkrEbIXWGLP83VBJj+9VOFT4guL5E=","5kGv1wLryOQVrliCQfEnkgEXLmZPR47PdSb02htVYKg=","5J9gXWChFfwskvC4fte4iIT3hf1bpuflYeToCZ+dRrA=","KT4yLOH/DvReqYqDIxs0BeO0HjrEM1A3VXNBNUEdKIc=","MbdCNcN8d5akW1AAjEaxi/HD1O04ZKHTFI8cAIwrLps=","9zDRZJvnuLCH4DnMTf1UU0k8WDmP3frXluzRMAAaW0I=","9i0/5mGBfYVnH3+yir1p9XHSMQm3w0Kl/ZPpXNwltbY=","wjtSGCrPkt+LkgsJtqHmMXqagrgBPfTlsDDjh4qLyl4=","RsfEFJjdiz62Y1/dEvkxtTKnL2Qw+A/WKqjEwFwjDPU=","LldMcyKp2q+QnswUIUt0zFfE4Awhyay6oihOtcaLM2E=","a+dsatyj1UKC2d5184CWqfb34wKLpRZ4si6yL0WJ4CE=","8GlfSSQMuVBW+Zy8q+3tuElRC6qeBo8NVqcDLAgh5ko=","m93tsFC3wNRoNx75Djho8hWF4vPL9Zn1vezQr3aE7eg=","9hq6uYS+4MYOyaPQXX6CZPaGmPTc4gVIIYOVJgfq0TE=","kJFjzCRggVUvELdltggBX79Q+46579YxPMxRqXtKmxo=","RjC/PLrNKNN1VxTwWAmzZzDRyvP4lR5K8m/FL7dELQc=","95zEGDebJYHLyXHIQ5PGiFU8+keoZehSqNbFgf25N9k=","cHL4u4cfvNF2tJupiRXyLaaSc3XTyVkplZmS9GqNqE4=","jBJGBgQb1RT3aYyFUD/6G5wm9MTpXwHWV8qI2zeK8Pw=","FpUwS08mHYCsfG9IbYrqofV45+mrWSHHG41l0PK1AkE=","fm36yCkWgcG0grVO/foBuANJbOT4lwiu9ONF9muNEnU=","B+QDqWS973qinMH3+A3DWectGEKMDccQdnhR/poHjss=","qvgoC4N4kQnnzL6y3Dc1GMBCkG2w5JNOXVyQ8DFEFaw=","7PeYspvjMS3mJmnX688b/e69BFnY3wim68Cnr8o8M0E=","brWMjFFN5KYU1eNJQSE5VPls9B/U8SJr9tsQGH5zXqQ=","HNl387rZmBgRdGciVDi4mB9wrEOcGBItFznyS7EV4GM=","nsW8rkaYJdCc+LSsOxOyb/oOijTqfhUPuNi9CZ4D1kk=","z178xdXlZg71n1/J0JUyjB7t3koQFJKLRA+M7yRvctI=","sH1oYFW0kmaA3pkkqFrXM/YiETFiVFgGPHwbd6g1fVA=","FkqlraJUhw/QQs0Ic6matg5TmK5LbBqwr9H7ZP8VIxk=","V8tCBLJWIUGMwFUwC7mPT7FxejoC93GbIQdNHD6rvpk=","lZzbcFPead0tmpsyIurPbJCCxnHgf7Ub3qP5snZbZc0=","78Ozi5FGudCbk+/M6ivDJ22HKHJmb/R1QVhUUvijniI=","7vJ+IRp+OzUXdSOdZYFdtP1uAm0UiTHeqTKjt0OhuWY=","7LSA0No7/WBJfMgvFixf5EmWB5yYvboYQD2VdZNo5TU=","e0ORFLk0BWY+RNf17hPosmnuFp2M5PpqCkSXVAMaw60=","N8y0hFUhyHNcDT+GVDKZqracoHvbbcFketks+gx2PBE=","aZIzZGRguEiXrWbX96rsFveYtE6kw9PFCJp0d4dE58I=","zdfbjr2W/rgL6sAZruIcxmQ97X0ayajepAx4Eeyog4A=","HuJKbanoO7s4YuljyovIKIdxFqQSC8j3Db88/NQXLKI=","Ezmh0Uk+Ez8w0c9CPbX02l/GQTUpHmVth1fEs/wZYxI=","v3TAxa1TLtIGtnGplxxy5//EEnBMHSz6mR37o3IzX/U=","acIrGRXH+wpOts11N0rQA92/TYD9fzLjodobk0nfRPY=","jN46CEFgmpiEtUPHJUG6POUaGtVupU+DqXUY4nwEbj0=","Pf7CbaJwQaAAQOxPkevhMp0HqqrZ9UxyrZBnuOyP00Q=","nKCoIrbT48/IEFqcBomUebyGxARitAKfQ78lzdpVdzY=","na8CiiGBR6K2vb83EObVPKGT0V2vZ6CAetB8hcSEdyM=","yCZYlJwEtmqQhrY374orBjsAzWZyMVVwA73e0V6mBpM=","zOkvir7DZ/QHTgIbfKmsDWkpOaMK76iBzyMnTMu0VeE=","OIKJGOW9dwlGBWp2KRynSGkT2jXJBKS/OUBLIrKN/Mg=","iTvjif8jZRahwFkqsA+iSoShqmFgoJtSnfboA8QxcGI=","LihUug1nWnnwncXdKjdmWeCqNpslHqBqvzK4zic3hIo=","Nh2ZlKo9Wg2pFi8b3xyaev9X9847AibhBVgV+j3oo1Y=","eNhJB2+fxMUPyfmjCfEdaDDNo8Cy5aUmYxiTy6UrqXg=","dt75YkPZdQ5194IogXUA99KMhQs8qoncLdqzcQp1TN0=","XYNo5C3kOp82DpK1xBFX83XFVdi0m2RK50KdrpwE/cc=","ehCzEMmSvU7HoaxtUNxmFdybFFblpP+oAblwQRSk+9A=","eUlL7s5Lg7oGhF7kWhYdEQ2rafl+gPtfJk+/fWgnqOg=","emzqqZi9B3zZaBbe7T2Xfes0pdhZSN4v/zQJ5RtnpXo=","F0I9C+r+Bg2TUoPokm/civj1rdeHbyyrMZhHjAMZpks=","aMxmjQKRHTL1bSH3+je/jvCYjeVpk8dEppPl1RTIiCI=","DmAfnlvPMQlCfecG6BGyrsEjnGEW/ro5ky7I/UABn9Q=","5DujTgNEykditHStH6Xmxp40bDfX1a6YTbBKdz+rJlI=","D6Qqh8gIAacX28HBIBRBT0PjEw4W4dFVY33ZVP/0rx8=","eLkfNQdxFnAXydhW7iKBTQQl6n2I5P4rftJ+LHBlqR0=","Z46r/MUkO/B6IaaWajiYL68cGwAD/uVeLs2FisrMDpo=","1HF3FDKmwjfGpCmPTKOke4qfsxp6AX08yM8esWWFMAE=","uvKmf4fXzFlvib0ypC2c4fQa8hdfkwrbpW1+LAZJwKk=","p2Pt+jcMc8eWi8lTKJgSC6qK3StxTsngK5jp95l+4hk=","ktnszN/KvEFX91Q+Gw+BKqIMFp4LI64APkwscaHhE/s=","zoIad2GB0M2Cqoaa9mz+0+0sLdZMuaCigZ05Wn/YxoM=","HehY57P2XbMLppiPduWx5Ucmw6WnYNbhu4zJsVXns5w=","Yby2mxpRlRGguudxADKcDII1W38MWtLeBJTpwEfUITs=","muAMNzf3JPi018nOODb8qytCyUzUeVEBqYaCHEMwNcg=","+773xE5FTfJ9pGFF3eAD7epD1f0YU37NG+HX0dYcH5o=","KOe/HZae6kff+oMAPNF7UyhFSyzxs2SucYciMniU8AQ=","hde9sEBXZX7qNHWmD1KQyYJOmB2Ax0MZVK6WnPUscnc=","DOjnKYbCrT7H2hgn08beDHKJaW07lWUa9Csq93pEGlI=","jgyWgjTaQPScO+5zOlCdrvRQPw2dXLtYIHC9N5cxzU8=","kNc6CLkFWSKhhzRRNKnzrGPJ6nXvCjNASyJouZAIDls=","Z3zlQ+ArpLhGmvtEadgPWwe+Npn0vOsXTWUTaPL768s=","Umzbf3k2vCo1oOi6VF4xg5FKOAFt+wywpR7VLrHd80c=","GFJm4q3G0UeHrPaSS0ENFXjkrQpk2ww0r50/TEJfDnc=","M2yMTzJbA31s3quseqcohOZnyeew3tRwW85BmuEJBjg=","8kzbgnFzbPRSOJHWJuM4Yx6WAZdHbDwdJKwrFbi6DQc=","Hmj9oXXGjHJ2YHp3dOTZa7eHaodTTFVZuRt18V++oV0=","gCwT76De3deqN3qBfqTTmFjHjFPZ0aEKaDmTNlXSK38=","4cPPPf3MwF8bCtNgmsVBhCKq8qmru6npnItN8/Rri4k=","pC6S6+E6MDrTTfrLEuhk5plB3zemJNQ+xmeeTbGhopU=","2ZAqKRtSfzxuC/x1tqySwMYRldX5FHFfBtYDlfJhS38=","iwTmkP03s+KCanPGvnC9vvOhR5fMTQLfR81jELCFKU8=","xv8yF9PPqk+5CpXb+K6Z0RmOxEGTYyQejspWxmXYG7g=","r12vEfKWuCLBmL+3olsCseNlMBI/yroJUcCTufcvu9k=","sev4NJDONYBx+0ne7eMxk3qkWOgpy5dqzktxM3q8Ml4=","02EemWjQHZTDQEze+RrITaR9RB/1gULBV+524Wotyow=","dzS1CJvv4eeixsiAlXwC5IWhmpPdWAHIAPV47/AZLYs=","eGfhddym7RDUDZPErkAXOClm6c3X216bv+eV+CXv5yU=","zJLY+fCH54kJhw++bBZdppzNXW3NJRreZ9HW9y8kIXg=","7tNy65nmQuTGy2b0V0/dk99kZvUQFONeHKxjcHozG88=","opHm/D+ERsEfCbRzbQw/4shCY9AqHZaB+Ujz4SoWNLU=","xe1tK1DeqOV4fTYl0M9D1yc54R6R7dqUaOnrbA1fKhc=","a1Jr8/BqugpOLYdpdLOFaLYtfJf+oAF3kQHrb4mGqBc=","TBBBC1ccdkih2F1G06anUJYWQ5NTfDaUSsnyFTSNgWA=","jHflGqjloeGGjOG6OF2Crqnnb6hw6aH0iWpWS2nY0u4=","5JuTVYX2dcBlsBv2RbyUHJy0gpn7tlQ1ZZXhHj1RxDM=","R4Er+7dGVGQabQe2soy9btH3cW1LlfEN9eyzqbWn6so=","TkyTmoCo4fanEAzElslM/w72ygZcbBvM1jTlq39mrZk=","k4bLHUA/0S71dTc/juv+1zuscjS2Y05Vd+DpwnQYFXI=","VDCuZ3TT0BmnDyBuZLu2Jbz3HIJtEY3YJLGcqNhVIkc=","DQnKcrnwa8fXnew611XLHEx4XOCC7e4cjHo+MSelscM=","5pYBBUoYIPCzl8Mg2oySmv3AgGyBXHuyVc0lKQwAj7I=","YBIAcKu3YX1eh6iAGeee7Zu5+ElQg5H9lRz+TLKGvb4=","+m3l33+XauSZo+fTdeeL3Ved/DzVaBBJRzZznYiREHQ=","QqgUrw+P+hXN1IXbTCXmmbGar10GgxH67JmjoTvMV/4=","uO5O4lIuSwNQ5ZTUrN6stRkKzedLM1qaIRjwKajicBI=","aAqoxKrNH4x09Ovq8a3lET1cuHOUQKNKcgP9LRAR6og=","opNwkHOimxylSOC1qUVtbfhvu4KV/oznwENy2/pNA3Q=","BJN/lBQ+gMUu492lojwEH87S1JPCKUmgDexWbNvJByA=","FCesBNaF+hJG9UNGaUgicf0JBPwO+nlM3KRrisBq5Rc=","C28rtwsG3emcAUIhhyp+rTl+gyaqgZWLkWBcFkb8R8s=","Cak8i4vJWehoWTHiMOyhQdhBGSmFAhhtskPwB+C7X4k=","Zc4s7XK5WsSXbqcLbwZE9rBdW7zod10HM30g9PWQUcI=","FuEOv9zBFoqaFtzykVJImE4rUjL6JFHCiV3RJex28hY=","q+xOcvuPFHLV0/wqvMZ2oyO2wkFAflcsu/IwEZWwAis=","ONm+ZM+W1LAFouRH51ufbCTW69aSl7iSIHS09wf1OfE=","i4GeY+Yn14kXrvyuY1oTDYLiJQb4EeRHNMnnd9ofmw4=","ePxiHeZwbl3nm080XZbpQI1qQHSBzN59m9C/S8WyqLo=","vIUWYi/l/GzSAwwHLvrFYx96BAPueuCflQz/HLSrKFs=","50Yuer4JJ2JWvoW7MZIaB+ounSMeP9baGV7G4Wh7IAU=","JClk/QZETu/jF6Bb621SBzvrnP1Ue+lCTo74bbMQgKQ=","2KkpT8o86tIj04lSjkomJCUUUbmfzph1NTJ0GpELKrs=","RwTUeEZtIpbmJPMRo2TjUZxV2dXvg6RsM/tTVrtED+M=","AEF4CL5dIDOi3bvWcpaqe/emE0NvSGGziD0T4oBW0og=","tkgjnZpSkxrAwHHgVamqjrVWyApEt4aaiqS8WaFwnzU=","I+Fy1HFU221k6fTD5Lmju66qbbWhedDkShBGqwiMg4c=","NgZI+wgl4CEMbCMsysReRKrtTjZIvskrxCmfDnk3qu0=","MWoA0g8mGVoEtqvDMVRafvM+MLbY+rFjZ7rJ3XxQotc=","nKswBIFfwF5Fve8Al9RmfWS+YM6E8CaNtg3nJzxvudc=","9v9+eGD4N2QZzIOv+6H74PXGbdquUcxAzyqaSYdClE8=","XKkRzC6Yqu4HLctPs34aR3dy6oeU0xSr5VZ+ZTcuwrw=","ouzLg/gmsATxSc1oyfXnOWkQHCU//AR8S1TWmf+5y+g=","EqwMxdk3WA3TyIqItXFHSo1l8ekBo2UQxNxRfUX3ZBQ=","lFXDYAvuLeSM90yz1QNX/Vs0ZJzmh/b9bUWxENeT3SY=","r3ueHv12DaJl0ky6UmtX6jxXydWSgVIVqOPIdSNRV6Y=","Re9hCSqY9XOdgpmmYkxEQT3pwGV4biQPTz2E6e9QjsI=","OjOJ8eJaCzr8dWiRJG+PcQdjZ9Onb/JaSytSR/aznhI=","ztVzeHVfJe1WPcmS60AXBKcGa8Dt9cml7OrV5LVCTD0=","R7a0VwOx5XCdL8DHOMf1I55d7fbu2a97i/hbY0ukapw=","R7l1SqYppiloIQUOEvgSjFg2ZtLoj9bAfm+CRA6flzk=","9BJESn8IMaJfvQg54Pmavw+Q9t0cw5PSh7UeF6ty5zU=","06vJ7wWUfEDe+AVxgh6IvpBWXxQQcJkLzpe6gZY+xjg=","zojfP6QlvCRN2UA8t8Lr+eqKo+R+SqngdTaFwfBJAd8=","ku8u3VZ+2xa77KPzp/U59ArbNPs1s9qklNvAp5seq+U=","z8xLj352rTmgFRAlktcdlMziwIQkafY83sHBsnwb8ro=","/lraNNSk4IwF5g6TXDDGuiP+CwTtm1iWPfTueoI0Yco=","J6+rLkAc2tIRMhVNg+x0q6HeNrAw1DtSL2O8qv04M/o=","YWKikv02m8JGPwDGjMHKwT/eX4oAJp4lnxkcEAC4pjw=","79Hz8cstgOAdSk3z/oQusnyZSuVfF5tl+z9FQFkTBQM=","X5pw6d3Z5+deVlpWtq8ll2zu3C90a3WiU3UOmoOFrIA=","WmvOSxkMoFVYlO9XB4I9H/RTYbSR/RF/lnzHhExzNKg=","prtwvdmt07GfdYrgAM829vVYZ8diA6MJFn9OhnI8dfU=","FJcM/763lVTm1cRTJ6nrDaZC4siM1Pf/9Sm3V+qHVbA=","jo4+0N7KKD4htKI2czYFVYYENN2xI3iv4Udqmz3btn4=","h+jOo4xWZZOT6wCbBHrA5aT+tdswZpnuNLj4VvTSDow=","5WI00TJiE68/1G5l26PyNThGDvtMicHzwlQF1tEmPto=","QfFQBj1HFktzutZkcWAVproB0gt4Pvd64eHMXOkhBpU=","zmY+fplHA3KxB1ozOlgrWmtSnSjduJmVo06/4cpPGPM=","GtOyjWNu3VW8kEd/wR11h2zHKQ2sPdvm8vktzY3gZa8=","3N29+I3uWVGEqdNHHZHBZ+wNhALS8LDMvMmJaV2gldk=","aKkgIgb05vt4VwkmqtgRRUkpYOsVpFSJkd3ekj4wMP0=","q/yI9xUBGSYEot9185rBuY7FcEQ/VLnHH+P1ldsEBVY=","ZZi61jeV7RSi4+hEjRKabF4Yi/UjpbheS3TfjNt+5jc=","ni+yiFzCe9MiTl0gViH3v7SSK06vEea+BDD8mrKh+Ag=","U8PkRCvtofBmd2U9OTize9h+JmY6rqKO2sMTNuz1icg=","Xy2veZQU7LtaSonYrq7EXjpmO4f3SqqOfv5mampZYqQ=","6nfjLMpzmuVIGNw+LuM+jIqjzpP8mZ2nFbaQg0XxYY0=","iy36vXeyfjxnFGxPcjStmXDjGhwWWZ394XLKIQxaRvw=","C5oFd2lCT66n7PTbhuB9S/KU0g0BeHwzYmOwDWNc/7w=","wZLjICJ4hK/f4hD5NZl8QUtxlPKrohV1DiFGx9vNmHE=","GqAYdT8gb379EdgPJDveD0iJshwGJCNSyEjqlAkxi3U=","LKl/fICdR8e9r9HpGSzinJGOb5cslbM9t0EbnboINCg=","JCsymk9iuJ3VPt9rp1T55Q7Lmo2szTZStChg/OIezOc=","Na6wPJHu9kAwtKwVPLRyN9K5SVg4ZpHeUfA57T97H6w=","NMXT/sbTH7fpBXj30kV5tHMUrUIKGt2uDFMzu90k3C0=","FGWwZRnPwIJKeQQEBdxXj804s7TltnBlcay8tl7voLU=","dEQXvDwdjtOArdWdZQ15SC/eYTtnbtozTgW2lLuU7cY=","16+6ZDX7zPEgrX3LhfWf7gtzHJEGAILc0LVZPqIY8LE=","WPalRT4CuFnc1JyBG9TvP+ZKVErZjbitgwWVL5+LzRs=","oSb+7pP2RTMqUw7pDTysrYo7G0skyvYiy+oQVA1D1e0=","EOferPiGfHYFgJhD0w/swdj62n99/4XN5226GLbvLwg=","io/dBigxfGedfENqO3xt/yRyJmW/YQ9vkSxLO53f6Ls=","D3XjfzaMD9eJiMclxcX3xcUVdHVy+SJkIvMtVNMgkH8=","52ufvYhxqzQv5MWN3OxIgBltN2qClNF4aHOjfxuz1ss=","S222gIXZoDnxC+OIIRg2e0g01kEoyD+0H0zsj+yIVck=","0eSN6p0xm6vRJqmxWFX1AMgqO7PqipEoQenGQRPoQEk=","s6PuUmQC9wBUdzegZJDuwP43rVlFd2wybqn4qiswsLw=","wqIDnZM2iAf3rQ0kDH2wwwvIvEHDjOMdjGVE4sMkPjw=","V+v9j6A3BUyX6cE6Gm40vvsyMq8wGgGXyvVT0y9A31k=","gbQPeGQIvSUCuXsqfeo+Y1xEAxu0SOZ0R91krx+VauY=","i9wywwKh/J5KojJJ2gzftwrQAXxRjfxKBd/gCXF+nFA=","0CrXdtKodVTfTEsyoWbxfjhThV/aCpGG9SGLM/ApSoc=","mPOIxWpkhlQy/7QNQZ8w7+9dimqJ6O40tNkw90I99A4=","PDfdrxlXDbdTxEuMFksa+kGWChfvPqswSK4w5eHfKwY=","cC5Xhv0JxZPi9kNOcV37OihwxRNQofdG1OPLr+NpX6Q=","6GknvvrF2kxuGMnTxnjNkEpBdv9f454L2URLFhiEI80=","BNJqgDG7dLZ9eqoyyjKEpQReM3VqCVsC9htT/5TZ7R0=","QlkMcBzTcS4yUrCpEtY8Lq+etUTI1f5EFi8NFcyjMaY=","VcmIWhp8Gjg4fXaiiLaNm5up/llhymnmoSdraXo0fTY=","rBgDGPWA0l00j8ON06cXNe3rDVhUZkoek4uj/rw1ydY=","qETL5INAvFY2SPmCzK/KZ94HR5ZzF3V1qSHpEiF+0rk=","8TT8qXosk7cTaKkUvyOePsNaLoTA/69IUa69TT8kJJc=","m893+iwf0lS4gaNY3b4HLilsDJd8XJlArqrxdcIioS0=","N3sN1Z9G04ossCUQLVbQPEGxviFdThT+CdAve+FoIx0=","5R+XZxuE414p5Q030pVXYfUe9/mWZiwXYzMAtUP5gyM=","jx7xbvA/zNXdZoiEc/sO62Zvq4qsqVlCKiSZISvPd0M=","i/XbGthWYSnDqdwLaHIr1B2BDwT6hLK5/e/XoRnlG9Q=","Y+OCKMKWOcUrap3LN/NyMssnHgEwZ8u2X6vx6cdKBsY=","Nuv8Twho1DOmESUhshyqrNq4ub42xZJ4y3O/hUlNPKs=","ZnyH6UXQV8L5ha9KaxyPIBjOeDeZoKF7VHDgQw88hjY=","G8/UIcd5cK9MInbbascKdk337BxT8QFqgWwudhpB8qA=","Kp2+YImxVit/9ImLHkDjZV2qH0lzX+DjFOokyZlVU9k=","pnuOujvB4iieqgwHQCz1Dj0vp6wWOBCsmN12WHLDTpQ=","+SasF+jJBS+iEBkj/0SuHMClQ5FPCxM5U5EIvJmNTuA=","iAScJBUq+gNAEz145XtT8qrsnHN9YWuDGRYWQ7eLxgo=","NRKtEEHsdYZ11c6rKmmCTsU/RPGWtOt8gXt9TPrYMoA=","acKKZJTtm3ecTbqUl96oNCLOf5XhvLpD+thAh14++J8=","rVaY3M89zGiUYFcP6fnKrQOd1aFWBxAP50GKkYCvBKs=","jkBqfcS33dz1+HUXpwcHTXLMn9D4qX5iKyNTSHRa68M=","znBUci3cwU8JEstr27v6ZcOckwJkhmgeHlIONq/7Fr4=","7gJZfBB25A996SQw5SG3wRe8o0yj/pKEZNJozaFxSjY=","dtzH2EdYA5teW1e2xEsw+nYjjJgJphDVOH7editPGGM=","L0sbwr33CFzoqADZNFIN9VY6HApGIJQHkN+YQobPy9o=","eNuItzJsQyL+yN+I3hJMhpRBjTqUSWG61jEw3g6iKtc=","gvRedePA4KVyp6qir0KEktK2OPXrIT+9stNj0CSbRTY=","2oUmErdGqaW9ZMnDNICLSx06bU292Rufe/ZyzDKOUTU=","LG7YJ0F0iYeloEhNCMF8zI/5sx2Y083yNEmuPLCh1O0=","2tJVrRDoPgRGRDTCtkP3GImBsqqXY8GsXuu9Hggojfk=","BjUF5amEX7hVV43KWREB1dlgxqF7dGHZIVodW4OmTCg=","gnSsegK8ELzlRayD3Ypt3Xd9DmlDyMY1EcgaNC3LVDE=","5LRsW34iVF8zS8SGlZh27D5DLJ2xdJagwivjFy1ND60=","rLjjSTtExXxMwPX8OxAph3z69CQUkAkOTfacceIxj7k=","SiMfxiBRQ65DKAel9WlT4nYJflzmp8xIw2Ypx5irb6M=","S+3LivzI1mimuQdLl9pvOFTE0MD+ywxM8l4MBeHbgec=","OG/Q9ZH+9XxC7A1lcNFIPSBMGKO5pnxxOElUhs0oBKI=","gDk4UCyPG3ciTVuefQP/NVR2VDq51TELKldykqCvJKA=","ArMHvEorbVajCB2E4ia9h7lXDL+aQXgZQp0Xe2MFS5E=","ObyjbyhINSyYVG3w7kTqgrHqC/1OcxIT5WvY1eDTXVI=","c4exfxPOuKczYHLetL19A9RG82M3FwJ+qLfiB70ezts=","vqVOH/scuw753RCFFxUsp/5ygpNAY+IrGHbGtEVkuOA=","O1xjukEqsxMVQROIZpCnPy3GWlvGxPoT5uoSDaeQ7Uc=","x8MAwnu2YW1xMKD8cAEwUqJNVrrteSYWamMNNmX0Y6o=","AgcMvIxqbZn+jv39MqFT148L+Um9X2SfHCEveYIE0eQ=","9X/kr3LLfz4WIzsaNUTU30K4FmsuugriIDL+gLDDvbg=","HDBo6/V4eCTsDj5CVqH7M126xF78LjbtEfuIAHNlc5g=","/jxgoqjt16YUHP8O47soFRdFK5vHsD2NP40uU4PGkTM=","aPYSHQovNWwtvK8tZ45HClzo7uVl7t3Ffof6XrXxrA4=","l1cYhfsa1iO1KcHEichchopgq4oX8JID1TDlkbpc3l8=","KMSf3cDUS2Osf5vQKyOD2f5s+ALsmXTPYKYHkXgjN+w=","+//yknRl3UHF8DgKRFSdKP8Q1MDuh/1Y2dTsDmFkwJo=","dpsI2PdozSquROu7TPeKjpqNgikvOUX7RY2HMB91QhA=","nObigeX6ceXvCu0MDgPWuV0tW7uoOucD/hI/LPODfKw=","lNCgCNGDzbNyP+WbguO4udZkIHJ/HxshEkih63CtZkg=","j55vXETXHedlOliLByPUg0YCDKQE+ZtrbUjOerA7Li4=","92B9EuoMdn/5fW+yk5dZdM/DweX8uLeX1FVY4EHNdR8=","LlsFKO36muOChXd6phf07nxRHnb9jBn1ZrSRrX54Moc=","YKgFPhq5smtYR5m5GplA8w/TObN4jZ9KqTsr8QLJF8M=","t0mCnHQjiB4keLsW5bsjIIE2uH06RP16V+D91bahkjc=","37zLMJ9/ckypkbqLO2dMk6s7Hp3SyActlc0Ejpqi6PU=","fx2EqGm9OVESySE/maMR0qK79/8i0kmOKP2/Kdox8q0=","9AGO22gQ7FIuJsdQDPVFCE5UT+AiVGsASTx7hU5knDY=","+nfK+JYpICGxdx9GD0GqLPL2YQeZVeRHscy+q6dH5gg=","ioPWa1Lb7j5k0O+NqrygFyM43x0mjz7+07Ll/cTYteE=","Db/yhpwGUySO1LMaL+8BtP6ucRcn+Ca1I6Z3Sa2Locw=","3zAWviilv636M8cOfJkCjqAtWoczJsOptHy3ABuaMlQ=","MUktyaxqnE0hfZLV8RmvDedMfio+wdIB3GsSFvIXK+A=","g4op6+Vz2F7S7+SatShqvQDJMd8HoRt9bRG3r0WM6TY=","kXJw9qBvedzEPE7YChlz/Y5PGlXKASuJT3Z6bdyoe3I=","WMV3gDRhg4pGKBq9teFWoDGJLEk+VaFLOQ8O++eQpw0=","lL++9GUdkSoxijXmk/8mwLsXLyVQr5Rmg/oUBbwaUM8=","7ZVPgFLvolVZujySPspNcwPrQi/bV/jCj2dqx8NYjXo=","RXlzAHl9xVWTmViJqdl9ldnFj2/8D+CWM328dyJLDVM=","SHXI9L90Zkb9kCR3IOu+Ts2tTTZdL/B9T864eS+JgyQ=","2eje0F1Eop7g0I8Ra6jL2vMV9pqUk/gOJWyCVoVIamM=","eQ0GdXObVw4Ch6QFAHR/zYv31hGJ2wbdqj0dISfKuGA=","phZx5QXHNyPJqAZJnkZbAIogPwtDPul4DoOSwF9YAHA=","ja5k9/nKhe8Uq4VT8TSoE90wMk87J4HQ0C+T4RzNfaw=","BTVa+v+dxY4kAcz0JMB3EUYrpbGEXn1c4rgr549PFPI=","iN4T/cqoPSAvbylxpxdHaV/SGxDOiJB5opawTSrye/E=","Yr8FNFMIuEESvpU7SGBWzlyYD+XTKl+IF/C1gJrCjTg=","Mi+cBNc8Ee26XZpH1JfDMcAF1YcrDdnH5pWobYVgftc=","W4XbxJEMSMEO1f5O+H7XtTeRWvuO9Ce+K7Pn+9f2qhw=","6x2y7IqcqA9jSriDrv1Og2UznlXHO1OUQfWfgfHUHOs=","9/6dT9SP2TnjMK8rrSUNIorBfT4Nf5pC6W5jeXIWV0Y=","9sxA0qzEVcP9BM7bBDGOEs0+UvdSq9+WimF5SVNPUNI=","bKNLDuxlKiXkjf+jDYJi/Qjw+/OjT15/cb5J/rkBjoI=","ZCHyBzWJwnHumF4n/fkZwbHgwM/iw/jSPIJlXJcxBIU=","OL54Xl/1SGnsEArm/FqO2SmVhFV2366G4n7gIZ8AY2A=","sg5ZDtV6wRRbZiMLdyen9NkbL7AhumRZEs81kBLbzps=","NEhAxpAqQilUev8foT2J6ARSyGARk4fiQ/08mVvXG3Y=","mJumtqONVr6XSLg4OyVt0jx4Htysl8R1lZNMaI5qBmc=","VVOHxVIFcn/6AS5Lr6Z2IfiHda6EFh6dOqYi620l3C8=","dm5pCrrqpjss1A9oSXafe8cGRvHz1pKzxwSr9BvCunk=","LpnfemMHhegxhxs1F+8vZrv7hBEevIfcSdIysqwRNEI=","YBUkVmBc7r//A2fl7U8P8UAcGM9jBg/vVS98yqQDRzI=","ZWmXFUKGg9Z7iEnNDp8qqrOZ89t61Kw430euAMHYcKQ=","Huqct7IFRs+4PblQ6LDL6XKIXBO4EpbAgRWx/Su4zRA=","74ppgxiVzcnauAtmbrK1Q9nRporP+64s18ATdxgmNJU=","ArhbYTiYCnB+yeUwQ4bc2rG4WeFmXv50vDD+YhXejX0=","Fr2jEAmRlmExhddPfyLtHzECeKInpaZ4KBvyxbHNglw=","go35K54tUP8JcCw2ZS3M9omO8mYUCKb9iXIZlaNT3qo=","rmi4MH2hjMkOa8crHHpxzrtl3knCL0DjjjpDaYUt2R8=","Qc89aVkOcesfvaD6CwvFMiqj3VdUDxpIufa/ZIsosPg=","6x39qYVQ1aF8DF/SHDxX+g/W1zBLh9rjxQsJqsWsEWs=","HEpJk523wzEGgv31cyw+ErO60IxQWdNVPMYWEXVYptc=","GMXefTIUkS8hDANckftVBCX57AHNEsvQPu7a5ajpUsg=","k61l6nYRzVEPADJFJEoooHOW0xLnGRaKA4gVUSm/v6c=","qSCkCitxiRXvJ/YGEHvb0/qa3ssl8af7m6ZAMXhdyZ0=","gPTYvmN/rJn76cCnY3li1bfeP418Loe1IVdJnWf2g4Q=","YtHgOeWLSBUY9SpY/d+Jz6Gq5bFZe4+D3B+iyaHJwN0=","uIsPlslWC7/Pnz//EwCTXharJk0EnIEzx1+qEcdQC4E=","eFI9KN2ey52L3XQIYxVJE5170zS2hxomDPLn12ugYM4=","LGKtd1hjQ2eAOGtflsvymPARUrLCHjGiE4XKcp5g0vE=","ds6lmBP0a7c13u884/wP/KjBP9u5h7dcEucbUCrIxlc=","pHc/emqEBLTWPCk+6jAIxvu8oKoPzzSzVz048dPKHlw=","jSRWk64SelRSdYbe9AvpIt7FP8EGyGNVddsLXWkTYjI=","uHT71mki88oUrfY6sXNAyn9xqyMvU5HL57xnq9TPnSk=","5v396Io3vDFJhgFBTFinKfyV4iv7y2LQaE5s6lqw428=","TaekgEQwL3K/TgW1Thy562yxNSRRx7oQo8Rhg4qCk+E=","345YM3o90SnGYDR7gHja3nhJn38EE0bODR1VCJJd1t0=","pM3GWvWDOcDUHCZEs9OKvu88p2paR8o2u61VirsIL9E=","ImJ5m6/skIQs4fuvD/vZ/SAVh4YSjDWuUuqCRkbX0Yo=","2EIySY+z9e5FK0Ipo4Or7eobwMy867ImWuKiMmEoF5I=","OhcDzdOC+0+xQZhGDWqbCcdaNBd6fcT0Q5XH697n++I=","PGg3vdCfBQzmP7LtDrGYfhI4AHt+ayJKc4FVbFv8xmw=","WVlSmIX3K9Bpg9mUfVumLv7agfp+hG5mr0N/zeEJ/Qc=","Im1Bwu+WXNaQlcyJvq8CI97EGJ988YYuvVV4nguZWuY=","wzo31T+nwkjw+v1OujydakLutvGtMjGJ/9ORZGdoZM8=","lwtmdh1nPe+TYyebrA/kh8cDBygnyx2v8OZthiagNMU=","gHIOpRC3in/aIjv9o7urai2H90TrmWW8y4ylKGNbx9A=","WQGei87MvzYJaXfJ33Iknys1+B+MF6AyA22pVOm0JVY=","OgjiHkgUyRRVrbgNmWihiusikltYyLJMG8zRXXM10t4=","gFCXIbn03NaMEI+2QamgzE5es+tTIcdOJ3jhdmliwOI=","ccZAo/Ys31ocmn5zM8trhRlkPE/vxsTrCrQTIZtIapI=","opxZk17ZkL1JSPsNN+0mZ/8/ZpH7hgCeNqOi4fWm8Y4=","kb3iVW/K7d7ith+RqA4y2216lwSpzt4c2CpoBYjH7ZM=","bsTYqcKe/AZ7Zw1IxxObPZeG8FwBGBZoyRaOgd0IBms=","D77tlsKaOOHSXjKYRQ2AcITtt+yviT5E6sJ9+fYKA80=","Zh4CD44ZSSBefnu5gEEezhgrxUwkiALtXY7PfNu68xQ=","mWNWloR+KDjLNbZHNvValHrdNoLkNoG3l9eRSz6z87o=","aTAE2Kl8QXKZMQQHW34lvznWMD1fBqGkSNvtMJ1bpNs=","tegPCni278eZlJ49UO63h8U4Egaf67h0gA0ROMzXVxc=","C3tIRSsnetpK/oTVHmCye9CEvqKWvfGwq8KOyZCDixs=","MYRMkmAP+lP9Wh2DKDREpxX+dmGnCeYwq+45Pa8YNl8=","RKn0JpxGA8GPXd6bBvjy5uJ/ij1k5gxIgtKyHM69NJE=","gv5X+OFEeZ+GBmCIvzz8+Dbyc5648nxaHQ8eT6Cm41o=","LSp8NjODrrqKSpXqQNTYI05cOQAiSlNeTzobmstX2z8=","BElUVxgbknJiBUK9IEPZMShkeqPRWZZlAYgFWy9Afws=","7HDsZEYwLNJTsF0YwGuizudQYeVa+BhoYeNN1ND9Gvc=","h8IkM34WOUzReEmQLQJRw1XAyJFOwmu6MU2GqsG8Vmc=","1E0KNx/GWufHCSO6akdXO9RPNre0wL/ItaZNU3S08+c=","n3YMV2dthFonQLiI43/i+VFO6naruryN73HRrqKXziU=","J94zgPBPnKxrWsZd03QZOZ3aXqImr1NVQq3n5h19fpA=","I0ML09ozv90lje/+DUOQMjNt/3NA91hdBFQwxtVcFRo=","cQrSSx5f4hBF1W69C0xDl/lVqWQhN8hm2llwKH3cBXs="],"block_size":4096,"path":"window.bundle.js"},{"block_hashes":["alkuYtMkK2bAXTZZn38RwuDa9u630GywEhRTDEBqfDs="],"block_size":4096,"path":"window.html"}],"version":2}