{"file_hashes":[{"block_hashes":["nufbTt4UUeoAXgaDjL00/m/7yktZS8r8nz2DNqVl0Hc=","x2qn4/RTj+iYLpEsacgGLbJpyk0vWuPLyPVGH3Lp/YI=","d+FC0s6f7hEOtx2IOzPuA6DtRNbv5lZ4Uj+xbXZQBW4=","9j8joNyiq4Sj1fI0zVqS1+plhuYIjMBvLekcKG9yrig=","ojFhEERvvwypJc3+NacILVieVE9yshs2y6rlBceR63w=","gyi/2PXi1gq+c7BGgoizXyelghVr6dSXco/Miz2raVg=","trde/HB4DoO6ODTSF9oFm+Ccaa81P/U5gUB684i7HPI=","BGDP1AcNwCi5Rv2fbJ0COa57uo0SXClr+8DYvLSz6xs="],"block_size":4096,"path":"build/52.chunk.js"},{"block_hashes":["hcwj9RBWKc8uBE06y6xyhX5PMXnQjd0tAcXpz4sV6iw=","4O7cXgSsO3gOfuNZRkpmArCgNzqU91RSUMIW9vu9Pg4=","JLE6R/xzdNgXAreMDa1CzTa6VDEn/BjXpayeHpZ0f/A=","grHMSuUjBEjWscjuI6HhcD7jsBO/0vUNlqNQk47kFZ0=","5BnhxxsJRICbcXoM54KktEJOwUKHQ6GJHGwYqd1Zfrw=","cbMVVXTaXOyYPMlKWFlY17GJEyszbmq29XtlBPR/jHU=","W1QEY7B6VMPgGLsXxitF5Omf2LlKNQL5vLDKe0hG5mU="],"block_size":4096,"path":"build/backendManager.js"},{"block_hashes":["JgcYlJJdo7KwF8qS3ycyeLr88+L9DBJ6hRJpI5jfmyU=","9tEEBHw/ieJDh8xQufXgVjPoo7n9R/LChhz55MXNhzI="],"block_size":4096,"path":"build/background.js"},{"block_hashes":["teLvd2c77EE3g838AWh6+BexgcCvpuarjsfAU2fabZs="],"block_size":4096,"path":"build/fileFetcher.js"},{"block_hashes":["pQkN/aMLVeCIxYr54VYUUjUbjM2q3galuegXG5olWhM="],"block_size":4096,"path":"build/hookSettingsInjector.js"},{"block_hashes":["tmOygdur/Nx4jmi1nW9LfjSn5LEqCdP+M3cNlfyMOmY=","mW91BN2M9FjkPzmWcREA95CQdiw9md5Lx7ElV5GQyN0=","JAl/tyLxx/DE4WnGCPR/0oBr+AMuDPLXtfKyeVCYrbk=","dnNM90Hy8wgSbKLQu9iYlD2C01eXHk2w9gI4VfBHbbQ=","+h2phbblcF3sjsQ+PjOTNzfUsSU6AFQJA7lnOyVTCjw=","MvCS/C9Hvw+UYkcZOxQ/ZdXkR1WZMESwov6VNEb3S40=","jhzDgmTSmj9meRdHbCMCsjOQFnvU6iXDLMY7qFMFPD0=","eUfzP4sMXF7gZweNUWp4dPFPwetSeWe/5iZlGz0e3iQ=","Kl0vf3Kp4I6Y/ticzc9EZxuXPe3OonFYYWOa18wsJ+E=","/RIbA1k7Re0Fq6BnlrwZ+dQg2H/CWXwKpgzbsj8w/9U=","7Qi+kSxIRyXqH1T3XjneKCQT4yYcro0dFS2wanrzXl4=","HtmqVES30OZJIEyqzHehRr9rtCyfenfBuG4iUiAiSGU=","ZcI2cgISJSu1Oy2ZK5dNPEKBrmJeJK60Kd6EBd1/TNQ=","r2mtwtmcOdCvp05ybJDtyb3NkNzH/7twLfIWkY/9/Ws=","3BgfPvP14AA5zzn+UPsFGXSdiJfSyF0HieBieH4wVXU=","AFOH+mav21xjU5IJ5B/0fEmLDHdvX1djkixmjbkMOvs=","Xo1gduXLRz1iMoZOFhiWfpsm1+fjFkJ1gsbYzNOnMrY=","7udn8G4kAH5+3KbmtBm1QWRsWChsHp0YMhGNWwYgrwI=","LWiQ3ASzo38XEbBVTAgJpR9pcsJJQRJeMXJ2YSITjOQ=","zqaRNWHfTAsECxvK931K4n9hZumt/fIALBNvPrs0+IU=","sPvC5Grn8Tosx+uBoyH0LgZK4X+uL96wJwcG/MnIm1Q=","tqP2xxi9zNxUlWFJ9gAPKS9g2YpYLtadjEDp4pbTLwk=","tBQANrmrel1SGhc5EXnNy0rK6mvUbU1EdxkcYM4CwOY=","1Drx5EEt5JvZ7uQ52MAPMh6ZHWP3C56zZ5YHcu5oLLA=","XNmKc7o0Hu3p6ZCAELuTptVFiWKUmrVSfZVd0EEkGKU=","jUjsRwkM4hh2907d8fhqWJOXe/XjDZ0+gNV2ZSlNoxQ=","w9RfgfnZE6mqUwWpfmfp1bDHZiJjqWi/Phl39WN97iQ=","5X31LouB64ovMLwweoCXe9Xwf2i7OYOYxmk1ctBB3qY=","o1ZNKTXCZ6klrLsgCvWVifzejPRUSN2NF19vM1BeVXo=","kCmoyZjI8S7jIC7eQldA4XSia0546Uh3gXXLsRNGd90=","tksPv2S5Gb9A+grGiCILWelzgtkG6XsDheiCcpLNflE=","MHVWoIAVLYRXb3G8Fsbm/0KGZPZ175RNCTkVlj5Qvds=","7VSY1emq+j9GERAsf5Zyk53Imo/155YuqMLIRKTgyIo=","FS0pip38u2B2IdEj2VbE04WI79oRoZCSyAoul5JfKVg=","yYTPXqGSPaoxWMeMrhaOVwvChe9QcC7N/O4DtWrAQ5c=","gfyEHa/BKOf6bWOykIHNurCyCVTEO81SZj8bMAbTLew=","MY8wo0Yr82WDaKiMHWd8/QhrNwRvYzeMHux5r04SdVQ=","9T/Iy69rSf9V1YtfAtZR6SYyOQ753UuSB3NOQS2VNpk=","s9PfnyYpANr5QhK+yrX1YriQQG0EVN6XTYhPALWNL4Q=","+O0LUhkD7Djd6sQV1qCBO3q8f2dhjRNG1oyMbPeqH5E=","yoDJUrahxdEH6mz4EHB8xR70GPfH0tc7jw0J7qQz0XU=","RbH9Hw9Z4DlqirYikARb8AmdOFV/LE7hkLSbdUtopmc=","8uCHoRFK2oJIrFYOw3hMScRE7pXyz8J2w0TilWP6zw0=","vuhQpxCgFo3HHFiasqDFpGSNK0DYT3YCtx8nNM6kUFQ=","9FV0yFzCaltalp2+UW4PrEc6v1V+XwbdVMI6HJT/c6E=","mMooNwI5BKy/t6UKD6B92dVHASqz0f0JBNti+TUkCrY=","CPRn7LrhN7qo0Ec/n2on8F6dOcjso5yeQjfUI9KEpRg=","QkzwjfRFxnD7Mbglicaudm7o3IlpWUYMizvyX/Fye7Y=","rSIdvnp4yHR6IEtic9rBdA7D+WVXbzBjtxmdwhywse8=","VIm2jqbr6u2JiVyqXwiBb+9hf10PWvpTb4k9VG9Tzks=","LftVSWPykp+JOOpXlWQGsMPfMRKDCeIS/V4pynA/Vdo=","7AAx3rBpVTe/MTgG10DS9zBBdrzG1va74K/Z5x2XILs=","GHdjbL3qEQ/hrTOnJ0QSjipmrlemwBYKYzym4Lh2Mw0=","FRnycA8FXuBbVJpjRHZDqddAElbQtcmNM/fL9+c1OUo=","XB8PX9Z9TMry8iIGsx9fv8qN8HxfSoPUWITD4YrqTuY="],"block_size":4096,"path":"build/importFile.worker.worker.js"},{"block_hashes":["NwuUD+V6885bmgGD++7GupU7VbHduyh8/1Ws1fWxJVs=","6xZqLxIhanEj4Dm3YDUowfBYUqq3neLJFI6Re5JdMEw=","5W3EJuw+W8srEaY2gc8/K4RVWZXctE5LkfmAknU82fM=","7IIf2s8dLbcSDnebUzVIWAKlwLztlrJOhIsfRkcj5nA=","zUCux2o79JGiit49ToKy4jWRHfpSuUnqKa3Qkoc0uWM=","mLroK/k94XYiN28AyInyP59jQw4e8U+jdXFDzFGlJAM=","jEshuPMXtd5YzKatAIOuXoALAsi3JjWKROXKTG1i+9Q=","YtPdF3cxaHcvOUFkiLxcghfaTApEkwZnmhafZ5oO89E=","hUKiHaU0GuwgnaawuLAU76XT+U+BtgIxQg8zpfRM14g=","Raoy7vB/h+ZeL87JiSCu1JeBt+/u+n+Z48wuDVrUj+4=","Pvtjkj/nya0iEW3wItQM0NN47ppC1PwF+Hm9q7qbxFU=","gn49TQevKglADr2U6l+4fPsO0yv1CSjszRIEzWW4LSE=","PDudTzrhtHYudCNy7VB7bwHV6z/bPCxE1UEn5pdxN6o=","9XKM8um1l/oqeipA3ee4juteDkl92mjkzEzJC4ruND4=","/f30PYB9FnbHWBf7E8FPZ5On9XB5rpZI5ONcgaPabOs=","+AeP6E1EGn/PB6f8KkmSxkrSNVhPW1bjUFBOqBPARvY=","XzYFFMGIuALYPNfd9zHKWm4BIfFRossiD9icgFybuW0=","OldrPajFr5lKy3+6PgPYZnezB07oGUL3Vk1zrxz/NjI=","lMr717uVqjVaplqswOcKS5STTBNyDa/+pA9sPOzX0jA=","d3ntY86O0YKj/jMNiYfuwh2NHUW98yxZP1VxuyH1zBU=","aIQwdKd3fMPO3OEk2kVMQhrRS0CVT0aseuyiFF1WD4M=","gx8q7I1zZ+Z1gV3s47oNj6E5WeNfmI1LaV34a2ZzQEk=","qWwV22Qz5BQA0ih+qmdlK7YwiOAy8zADK7Jyz9fSKiI=","T7Sn5Wu0/HWhEU4ZCgv7aMeKs7tjfskQ7Sm2U60sFjU=","EbQTsiRT3VWm6AXUXuX31PiFXCXCKIEZXgG8jAchKS0=","UpMYkFaA1QX7PeT7ExF8b8+ehWjPq5bYQsFDp6WICGU=","Z09TQNxD3rCmOZsTBCw9jy/IWh1wmNNwl/++iHWrP7Q=","u9HMLBjLPfnnKU6Wvw7OYd76jJ8Go1WDmG2E/pxnpmQ=","w+oClexMyAjn3CWCGg6PqljlzT0V7B/cOS170y2zc/Q=","M6i1NlV+c8E0oyoeCwNc2BsFGfl1uJ2Ui/wLPOZ/zXk=","gy1w325IPP+4E40pwOO8z99oVdwJX1DsAlJtzw9FKNw=","m0nDS2NDC+cY2ch8vomREYjkpX90QMGN/Hd6uharreI=","rnHBNKontYtNepi5yFof44RqYnOOftou4uvLu7ZDIgM=","zHgRWks6KLMlOeAjf7ikivbAtEEga/vpLrlfeHq22ww=","9Z3N4Jhu0t7icIKegYLvlUYVhYzErEGxBJuvsHfbGxQ=","AZzjIoUinPe+8G5ci9+KhaeDfbtUA5wmSRZf+hmdQMQ=","lm3L0wZO+pvvt4Oc6xNADcoIKWijHsk0XG8NpGFC8Fo=","zEgucIefRsHw2rxswfXZ02+eRW3Z3B6CvPBVH+fK+Vk="],"block_size":4096,"path":"build/installHook.js"},{"block_hashes":["k9Ln6USHa8CKEj+vS4SPwfY0yjZTB6Rh5Ad1F8smZEs=","LbUwo+cNOgOTo5T2NFzUJraYBSLMZ1ODBwkpG5y64lM=","xVhQcdQuhBtyDUxhvnlM9si8AwZzIYdLCSESlK/vTS4=","C45P7h/+1CXhym5+1lFHs0Gu+u4OgimtaQIXxVM2PWs=","PBywEhU6vXDC0db32xYqQFWE75Uv3YJS5M6Q162Uwe4=","jTcRBz90waAsIHKqXS7cHJm5TMfYv5ZLQ/E2EGzE1mk=","5U/o8a6OH0ctbrw+3ZB8F8yUpLqT54Ak0JjNRSIeYvU=","g6sptLW7m8ExMC3l64/tBEFyFMW48SbXYEzn9Mrffn4=","VbNdMwpkoqMGFCxaacJ6LaOmX9U1os2i7GcdqXvcDGQ=","saZaxTyMFmFxCNeJ/ybPwyvj76woGbGPFQuhtw2n09k=","HEPOeFJ7w279N/sE2HI/trDBtA1BYwQrfA1sglBJ40k=","pFIJwro8soGj6G/U4RGkOdhDjg46G0UblBApLh0oMdc=","tg4/I/c7+P/U7so8IwFbmMAQADldbp+I7iUPVvX3hOk=","BPoi59mdjqsVlANPoVScJFf4UosC0IYM4p7KJSvhLn8=","Y0yXD5zu04bjWz8QVxIA66vGQ19mj9c4Twp/z605cVI=","v26aViVCgs/WSbwPXz8WTiZziV06lZhnB5kTrE6vm9Y=","LBIagQjfy3AZB1HULZzgXQDWlUM2SG0hkrXETqKYhn0=","oauMb0dZqESTffHk6vIHe0JdlWfNALoTp4AE+s7zlDg=","+M3Z80gh1C0e3wS08ZxG/sRDdPMp72mSCzC9dPz7n3s=","6GzQspWMkdDxD6b3SLsXnwnzuc7Q8hKCZ1Be0iAiPBI=","4XS6SM2zb/+4lzxdYrqM0I7jnf5ROP0cbWktbUTo5wA=","YPSrxiZy6qnwEBsdFDOC7/BKGDrN8l222kGP9uiCvL0=","GFgzmeGX2A+cPWK6GIvh9QNdBxR2lA7MulQpwX1Vwvs=","VMAfVktiO0WgpNXtDMEZO8Eoem3CAHyP9qDXZ90VqCs=","daVjM9d6OS1G7PyOiMwQqz2it92IpldMtiT63HjqO/A=","qrBbkgUTbSdQmb/yWYWF49Ayj27j74J/4FEb8bEuT1Y=","dy5A5sJY/1Vk+HyH6Cs6y2UOK3C6Ot1wK1MBQYno4RA=","vT0i/9pRziDizxh3o0seeWLXtIid016YXW2zXozS394=","Ud6a2ezdjxCFXd4zmtYGQ1+g1cwDn47KnLFOjJ0d7Ok=","CdcKwc/PQrzA399P+aluvUPZtrgwd0uEZJh4/MtlcI0=","c5LRROB89DpkY5bKy7MTQZYC/t71eit/MjdXEDdlZfA=","6OYNInzitv6ynvZj1LMq/+8P37xONti7GBGcKBLvBJ4=","K7dsoouBoRWFCaYWKJ9j5wedjF4nklwc5l0JyICJxG8=","FXFvIZ6EM53Gk4yXmKvX+OHU4lBCk7SGQiWPydFIcmE=","D9BVY8R63RAbvnFPrlLGE8pbZLRRhCm9Ji9SSfD2/hg=","GFUNIM6vC+8XOY3GDCQv0wGV4THpGVPD8zwHLKz8CAU=","ddSlVS6ZG3GUOGQanguLSGiyr8gBZ7R9ah1l7ni0W1k=","lo5eaKrFpkc0o/TWZSCRC7W9dxveIflIO0tvYPFhm5k=","l0HT1BhG+0ElcUP/28Q44PmLESxL97dMW5d3yI80EQo=","Cc+bHYrwEn37F23rYgDq3BCapqci1xT8nmDzxLWJtqo=","QrZSJJPVjsEn84n5aWTHW+qJDoFFl+rE35HRYgmZDio=","A0QWyBTbp9QdAq6eYJZLtDg0YHfU1KIG1W1BVvCNLYs=","WFqRa8pbaQ9L53IIy0gt/EVAOYcQEc4Uwv57rDYY2KE=","BsrO/rSJrETkecU4KzF27Cofb/oRCe9Bd7lYptZkwAA=","2xGFUTs5d47Bl44Vu/TaZ4FC4pBbrswT0/sMK6QBDIc=","G49eUz1so0Nn5Ljlb6ODdYncmN6pTBBAXHq5kSg6NO0=","9ciyORYmfPKdFJ43j2shy+xmZwGUA0aTvZD6CN2/5HU=","3Ybw580Mom9a5TM8mFhBH4S65tp43AnDLsKMOT3NL7A=","AsieHSw8XTH3z1JF2MGhUsqWgOrjvmn0AgAf9cjOAwI=","x46fohBTYTtHyu2KJpH8Lil7IQnlUf9UhUpj4reeMFU="],"block_size":4096,"path":"build/installHook.js.map"},{"block_hashes":["Q27aZUzWLvW4yS8lDsp7IafQFQmvI6vlwteuoH+0o/A=","bZqYdrIgAo8EFdTwbXJiloa687F2JIQFLXUxD7UFU18=","vUWoUGJ9xM/zdWPPxc52TFev27vaJV0j1bLfxqX4lzE=","csECzYNMl28S+pnFeLDscjBexK2AeFW88AEyrA489sI=","A1Hetnc2ZNNLNOiQxkc282bBRahBxPIvXFDbMPisKFA=","/Hz/cs4ItPlvJUMVniZxcMWr3A8L8twebK2GkXQFVbU=","eVNpJ9ZdfMHFp6/py4WPcTHRsSJFxSqXZQ00sXDCVuE=","909d4vG626n3YDDNVICVgIMx3boalv1ONiJuTNnMrjw=","N/C22EncwvpPfpBUMoCAmZVJHv92L+MKSuMTmCNzBo4=","wZjhgGmXEn9v2YLzP/kSBRBtBG549IRFn5cwsLE6K+I=","ypqkzJElb2h848FOtTio/Yv82zC4SHKeeWR9u07q07I=","guwhL0WAIfztDjgJc1J1UAskncBU9xXYMyTgGsqI4dY=","lCKG9G1/YwQNtY3mlFwtWSJ2opqX2l/HjFJzYEtGsII=","3m0JqDxLVlHtritCxDvbEsrtR6QUCtoiqdqkyS9zr90=","P+JAK/x/sk14QdLUP40iC6utANDHnbXPmD3jvxrTt2k=","yglmNh59EKAi+hBVJiByB3kRCBfkZbP5bLkTXs5Idh0=","c0rkOGrTtkpgG20wIeqfKHTcMGqVQEUR9sxqTg/oDJI=","MYlwoSuO3ktbjbOidMzFdipJkPeXFG3zYybfgmnn85U=","DKKxcGlbPNOvkxhoW/jtpG/vtQ3Is+9oNc2Fbqp+TuY=","Tl5YscMJwQmPTGdgHAJdRSnwgluDaXXt6Ahh8fP39oI=","0sxB+ynmK4ECh6rHdCyqvM0zA+p4nOzxEvJFSab4BX8=","wv6uGB3GpOqsX6dZQJIrR3R4HZZCH9XywNl/SZ9Q298=","4/ctB0FoJNPyWedjBlewrvUJW61r/YPN5bQ60UUpnGk=","c2cwFAhT8yg+qnc+OSO+cjPN+pBccTcjEFAZMc9UX9M=","pcnpUa/LBqdSV1LQ4gKhtSYc1OU2rV6FD7DyF3zekio=","AIaOdU7VisfJhsNH3m9jHEEJtAMqrJHYVx81SrPSV/M=","Y7s473/yOEZUXyr2+aIAHsCSu4nbyWJYWDaKQHFlWOg=","qlGR2qpBrX+LpYyP5fs8LiYr3YKDVGu5adcWlLf3XeY=","tRL1QjznKSPTtFAUth9xFACiVRP4xrpYjfq02Mw6zsA=","wuWsQ1PlLZaaLWBKV0KXpUAMf2vLeisT5Ht4w9aK7OE=","vR3uOVDOjq3s0FuzJ8MWv7R009zZ8h3K5txDWBJErIM=","1wMf18vVsc3cr0fkSMr53m5EUSkWCEEOJVIHx80KBjA=","6a0IjrI8DDisfEUh7dQPpHnUZfvxaR1kEQp376ifdDE=","OawOMEhPfP6Xptq0LML1GRKNpuAjy16ShQ+wV3opn10=","bsd3S6uzNbepRKdHuav2fW8GoE4Xj0n/uEO9hB7lS7g=","96173XaJ5M6F54C6hngaj7IfiFusIn5Ag0BklkbpvAI=","PCC5IlCkV4c6jyTZhBVYo7mHI5V1m6NrcGGxJhKco8k=","FtmgBHM3+fOyn0lyM0WsFJ8xPVIBW8+l5f+VqPh3gT0=","qqk21aJ+Mnb1FY881UvKyOIOVwavSGa8Bs13isjGcF0=","vMa5uQEXOsgqXF1FaiT/1lUbQiv1drCGoVBJP9GSCJM=","lBevGklEU/l81Hllg/wnKqFRLCweqS5PAz0jVXCBvwk=","y9JHMWaul7D549pZZDWSEnuqFVIHgSxBuX4Eg9U5lh0=","XEN15OqaPTu5Dry1T9bb32EHa3wbI77JU9wxaizB2IQ=","Vezi6ObYYsa9W9p83nW78LumMfUtiRIRUp2beS8Gc9I=","GVOtsy4zd3cKUd2vk0whW0J89nDVVPcWppe0nhL3YSU=","PBVUGgFyEAI0Op45Uek57/vInd6xXxmlbHYJh7G0Bfo=","Wtm40MBWgg+jCUCamvkgoe5aB/DK+Ju6kSpA0pxaxH8=","aiCiNX3R0KNEDYmsF6fUXDkp0Wi4vSgML/EJhl2zSHc=","aYWlQOo1Bs1swqMIsRQTS/IRfYO+gS7661X/kxsFtbA=","4ZeosG1LmrLfIQZCz7nzZsc3C7TaoAyB8tPsL6d4gA8=","/Fzh/Mr8qq+XL5PmxVp+nnv7kut5JeftL6angy36hD8=","o8Y3F98SMq+ucvl6PipMKRwHwRlIvnajbdJ63i2/B5Y=","/IcUa34FfCJyGodi91Q66SjuE+WZaFb6wOIbnwm/Cf4=","cNzlUSAjaXCGfMowUmzN1pYTCwUnNhhGXMTxyuyRwD0=","1lPc64B3v7ow8pgn9PUNuFVsHdj2Edyl6DSCv8cwLGM=","VQ0NYvy9MvDaCnVXdq2RCoJFtieuihMaPRWKDZWyiRs=","EjQEMK/jVUIlcfxVDZ+S7Pvkp/7eg2FrBNjegcaQEr0=","+3Yfrr5H+ZneiW/vyU58OipnTqXF5bXDhQZ3eoYl7kE=","xTtPpPHvnk3KBPdMMa/cc970x/tKt4bPCSWrvFXwli0=","+AwOgaoC7s9Wm1UUF1jkTd1CLK+CFuCXHmUyuCSilHk=","0ZCKXSmuNxs9ky0hwjW2PC+rcgczXc+Y09CCYYLVq44=","olPKyo9GILB5IDYyxEqzV6O9q5ljeo/fnj06vfPBntc=","KybAIs3cSpUDiGcgdKX8QnkufbbQTdt5SCHFOkvLK9A=","k2ii81gXxfF9SRjgLWDlRfcZ8UKXzqSUbKhYMmM/uEE=","r1r5M4Djb1eXJDUYS++Q4DickPKe3kYTWjogpSEonW4=","fHKR3fq+M/OEJ6kQgliIPjeSYgygqKiYr07KW8OUnps=","ImbZQQebcyBXiJoLxYPBYKFLR0IHnZnC0vjYqSlVJQk=","xe8vNd/cPzomTsKYlu3ZW9z/DHIWnBAthFySzdWRqKA=","Vr5Mc8z0oL+eNaI0GWio5iImyUyRqS9VM7HuQLxY3R8=","T4ssdxpgtqpoBYWJaVswDIxU+/+et0kyBwqz1oA9KT0=","9z/HJ9MstEsEpX8bHJtZq3GuFui8tA//Fjv5iZZaNuM=","upH/d3PzFUS9ygVeLySFbB5fwtez36xvwacRe8mmzA4=","5eWIW8/nezABK9K/goHigC37UMtahgmB7CRnjmf0q6c=","qUaLdrtKKke/cW3I69VUD/qVXKe7Yle78KtyaeDq3H4=","ZteohziAOCeT0lez3ceXTA5p084d3LDWkdNBHJ4HAd4=","oKCoe5wh2XaR8IUoEMzZKi7JPfa0LHB1H9bvLvXfemk=","t+gODiBxoFjkzgqpQsXDZJjtFzjPE6nEDl28KX5/cXo=","KKqEkoiLUcfrenmCG3iI2ZNopY+cyth6C8zasbobmJ0=","Ddps+ME71PguUh0HA1FYcnxIOtNYol6LzFPWQTJ6M6U=","7xDItgSD/PeXONhS3hvZ0YyFOPQ7FKq3BhsxuDvTd+g=","3I5jVWumi7X66aR/QJs+82kAn8Icrr6FL57j2IarpE0=","zmY5dLpNHYIb3fFW0758bEbY/6Stu3zupB5IE/NOLMo=","MibpyQtcmBGYPtSd+/Oxopz3U8dZUQRQfSjo+61h9Go=","kkgXKF1KlPsrAEYPLlcmt2He4VvFseGYnh/ECJTrmAA=","1VVNHJF3VGJycLhmQLQaEXxr3yDGJcf8jSUs8aPbYLw=","P3q65ZwAgGivDu5pxkG1IjEXuoOhaeqhlPnEwISRXFM=","fuykMa0jIF8NcOy1OJrqoCyhP7rECedfBrm/4fPT1s0=","vjn47PrEA/eUdo0kCwgRjQVuLZMWSTqDr0vlyrWg5z4=","tFDqd/Moj8GrBOOmx0eZtyltrREmskT4XEE0nlozS70=","/obBZpsz9D9q6GCofDlJZuLPaskk2/W7Xh563yvTcPI=","LzgrFlweRoHIO2lmQhk4+HYgSCnQKgQQ+8yUREqGux0=","5p31HwymUS3x69SL4vpzQZdiNyKmgqwZebt5c6G+9Ss=","EPg2xeFieE8EYt8VXE5KeydHznK0bRiduUyl2vTbAi8=","YMFuqhDT8vf5PEMm56oJu8ycYgqs2JX3i1x2u5D97lQ=","R5Wp8SdkT5QFsqIOZEZNIzzfQqsGB1arug0WWAWL5ZU=","8ye4E2UDL490cZ/o+kGKBHvB7ZGb277Qsh8MDWFdsOk=","yV/AEgD80XnhpPtHzuP45i1dUUhRdJJnsTl7zSWAjwg=","QwLpehcAZQU0m6q7xt+zSpAx8pyAvt345DwogNnHx0c=","rxvFfN4GBP8skUqeREIq1nPZ10Le55wqGgNhsepXnR0=","sIm9rPSQhOK41jwvrZUMlAWbrKyEVKL0qYTP1Bogi5U=","Hjkm/39ului4UMgXlblqT1HPFrYKN/fB8iXaTlyiEDE=","ZnKmhTMdUT6Wk5d0uhh6u2f3Q3BxXsaLb9ObBenvMBg=","F5ESkj+PFg6OFASrsfJtZgzLfvBGRNrggBEd27H6ngg=","ClYaeaci1oRNf7fNafdFxXX0Kn6aveEqPWDmNr2sznk=","adJA5vra4n13D2Xcz6UiDghiMaxMNYXu0qXmWnP5kj4=","HGOt1i+puIuGkNr0haJTIGfbQOvpjVLgizICRY2qnhs=","ITar6Kn0FprXSOKBIq7UK02cmtgpH/88ocV2yArMdB4=","gCShE30yBdnRjRCBz6+fYvRAWeE00I+piH8Rq25v+mk=","RLoXE715qTPGfifODnT0PHQNDCVllGChSLAt1GUH+lU=","omT0f9BHYxaM3PiDPosr7VhE3Gvnvbx7FOFJwRz9Oeg=","cW6tVDYoMN/x8CNaD6ayc+A7+Hs05a9Z1X9rg4lKXQU=","3GeZWb9CEa4ApBLl70qhluwhiOUMVhqFwksyJW+eeio=","HMmwyHCXVeqebvxe+NpBTPZZOdB2dMvDkct1DWZ38xA=","kUKvgdsiYAe9ZVYQacf11IqPfohgF/1mQJO1STXzMxE=","1YFWXZ5YGLpAVYaXiWVJdFazNl/ORITqPl6JnvV1yXM=","WOa4kbmuQRcvp9I4SHX3tlOjhoQiyZK7KKXeRCfL5Ts=","Xn21vpr6Dmi73nlyr1k0FwyhYHB6NVuuJfLORWCPCoQ=","Cgv79wvJbFdS2wBC7ckMfLKEf14mrp3V2RFXYUt2XwI=","1LH6d8XTn+jTxXNTUeHVzWVGckdQ+ExzAvl0KY7Y9m0=","k6uRW6noMBXuKjrcNrrywvwyTwn/SVDXbQb93+fX2RM=","SSzLEfaUP2Px3FQFt06NobTZRP6qNqVKqT3II/npSaQ=","7nxaLVQG7OOv0eACkAos0Nc8fulkvU7CAV96tUyoqy0=","HloignvawSK+r6itvdJeGwd9xK1X2JLAUZy44eG0Fco=","BhGt2zMdSU2x0JVviXjizBGqrzvnmsPgbF/1AGv0Zss=","+2VJesL1QKs85AzV/OYl4IMtB6NlPwY9jA0zuQz16bA=","0IT3LKvc4ATzvmi+4noAbT67fo3xOGXg3nbh8SXxHwM=","CbskZv/cULVrk1hJF1WSiVBFYb4sni/1GIBb0a0tJfk=","MTZ9obg4yaIMshUEvb5BWPbYoA7c5Xc2Eu2+9c4K3Jg=","eYiNqDHzl5YbYjVDqcg6ouMTNCRLri/Fgvx2IcSpZ+o=","tLJ8ob5w54YI+r2V2c2q/C6Y5imHaR2H+L2oMym2+fk=","TFq9l9owIzGzPzMfaLRbfRg/aPbyUPdFBzQ9TMB9I4A=","vjCkJk6EL4t8NWj61Jf8kDHUFm/fbWTUfzmtShgCIxQ=","p1HEUhfqSGvwp0b3HmKsSkhWKMrL8ZAFxaMfO31oD50=","IRyCVz7NvTcbrsqQUdN8HoizLlLyKsxpYB/UxXf9vW4=","adBvbmITcJir0r2TcYUY/I4tYo0GqnlUMT2ROyADqTg=","uHe/axmk+BKF10xzuSStCIEYJBhh5A4qmZRm2hIrsaE=","wyMraxhaE37JvI0wCaKvvBNmxBTaYOVaKRA8VBGr920=","yQ/W2d5E5K+nPwaOdEOPHDTTaj+wzeqNJN9oay9t74k=","Rx9TbTHvmOL/qVCCbxA/Ggn9RfID9Oh2ZLokm4MT5zc=","puV5eXpEEUxwdSBLKin0VCTOKuGVE1hHZ0xSLX/f3p4=","CbB2T+RaIlvIPkL99++GKcfWcpJgAKK+wnM1iQKLMQY=","CNhN7NaZlJ07fGfThyg+ugRPkYaZr6pbjuG1cOGhu+o=","IwDxEbMPEsT3hQV5rMyYcZI8AYLcsGRSx56miW0gmfo=","EU+Iju6TIE63Bg/y3HDi2aDVRSMSzyRlrHIsYCmI9Ms=","jU9o50vMZDgq+NR1kKUHp+EiXPx1VwE8ZP1I91HLeXs=","Szk6auZyko9fWaJ/Og1rmrfvo+Rv69UPuBQpwvhMJyQ=","+vWCgf8e2PhlfKa4goWyFtmqF/3l5ORdjLbv7QDy8RE=","sWQnLuepr7z4IWCDMvNPLE90E74lAYfJJZIA9NMcH8I=","OEnNlqy5cWCHOBphiKW74diBQLNIj+7400iTWpMeQ2U=","HYySD3pIgBZbZpEfMoMo2jmYXpSp1CFukF0ji/ih/9o=","kUI4pMpCcOCo4S4Sg/8BEw2rL/H28OghKcHdpRs74r4=","GQ8rlKYyjaoKWNZcCTLcJTpnLIQpAX33iBdxhkIrI8w=","ODzzr7rTsqtak+a2ndNl7OuZYsqhtubl93lWL+BwHAo=","N//aNMERoBNBcUkXIrg4KXUlrXc1CjuHup9yREvoFpM=","dxSWPXM5s8tdhMY3uggzn/AkxCA3Ed6TvPwVCIWHFUQ=","tUFGFY9zxO10Fce/Soe6DBZvvk4Mpo3WGfWvvZ6GA+k=","49V5q4Q2pxjLzFNYm8MHU50jDsGBlHp05Dw9iHkpMRY=","IpJP8SHjD8qOZHQeQ73etjN5fM1n3qSUpz1BeC0MV8Y=","wD6dP7kjZWuEXP2jCofYFKwNk76j7PrkuNWslXuJsxc=","Jq0bU7uQHCuVd+p9bpxUn2rOnnrDRnAjeszu1ln036c=","iAfRXlYzJAJxB82GGnsTJEL3JXXYaTnnAcfQ2z6XzUQ=","juq9BtRvOMkpr0+dmhyKRM179QwBJz4RJB8UxDKC3Es=","Vf4Hy1itowy0EggJLB5FfkEJat2VGMp1EbKfarLnhPs=","SQbna/FpURGRSv37TGHfa8s7ddtjr6EJTGSfnOmODiM=","iU7xWGiv5Pk2vVZNa7wXUtc8EDVvXFJpiA7HVsQCUBY=","e2Vedq0+zhfw6TxSlF5rMUnAufCES5lsaP+VtbeLsik=","XAJQaqkxLNRsgDF3tnlwsNd2xdLTHjqJVZhDfjr++NY=","JtapJcqOhsklA/2IBBNZVLt9wfiCeCZaYY6KFAFHUnc=","+9LK9EI5LpQ0JvzTQb09kBv3jG4ezoblqoqrfwnzHCs=","TyScTkokhs9ojaCtYasN/CJIGagChKQjFAp4ohEtCKw=","ZyjGcTvpxwjF5Z2npqdih2ZnEptO2Eour2TxGND0VNE=","qZtFrW9S2oL2jsP+4KZc/ibYt3x/xwDDIFFtHKJVXzY=","a1CRiYfSM8KMlIcNEKcOMvvtETL5N6hah4QI8EK+Ohs=","OYaIUowzo17OfnOlVQBIwURCJt7S/hoUkTgistc90Qc=","SVS3UnOzsPMZANfstBi1isb2FkB9za7m0ElFyX4e2JA=","4p7+DRpjmUHUwjenNxqhb6O3cAVKT/1N2hTsSNEcIbM=","gvLNRRl9JFlJ0cYgLSonaQBcxKQWfmy7CYJphX85NFA=","5/NqALDu/OPM3iQqRNHsk+uqvX4QdyMtm/b5oVxteMo=","ppQ4VywrdRkoDnKrzBBdcaSerS9V8x0sVSui+ouRUyk=","fdYtU7RM1+yQ3w/8pn9vjlAaMtZPMyQ89/EWZ+GSm48=","GQRQbRxemrhn/2zHBs9E9bOjdyZhO6ZefcSEtX3Ceis=","R481nYpvfnx64M4pQYxyCD1ZTUG+qZPLF1Z3icfvlnk=","ktwRJXV3al9fcAC7J+MmG61W8QXRpqvt8UpsGAjmO/U=","QARJuF0XzUunICCgeBG5ul6RQbbcXrjkYYbzkO1T6o0=","wZ+GvpHEzbF1T5MsnBkZfuf61lEffC1Jifsm/UDc8ws=","vXmPTpYqgIKtjkedh6Em/Fyy20SG6C5Wm6QlLAUDaWQ=","97EUycTzxWP7tqZuPvslhAFhoFlQ4IyFzPluVlluOuY=","LAHKWMcGb73zK5RMpVirXq9sZuVtr4+99gvM0iHdZJY=","aP0RC40QbWHCi9yfh1+hUI5xxcL78uPZEatvuoh69mg=","YRBXc1klBQLE9zVN3TGdDDKlqQD+q1tjUePiiZs/tfs=","3M7ZEzGj5ePqpitpQrXczx78epGBbpqgzwH2TLAHeOQ=","mkYkmS8LfyCFgYbfs8GUl/hJWzt0C97UJOqflzVwOsI=","CTKLz+jGIqeyFWX3BT1sKpUUaFOJekAvkwuybK++8LY=","Ut71N86RikIwY+hfJ3XQrBcbGt3OKZs86e+z4uesh4A=","pkLg89ttnHGw5xeIeNHNJPXgN/txeg4q0C0dUBOVmSo=","m2EbRhbyMDlyoJEUukrAdJTVF9N1Q7yMoASaMFDjC+s=","gkfEiDPS5ow4IyOy3BtbIO9GvPqUQBj0jyFKFfC5VLU=","b/EJxiBzclhae8OrAtJZ0qgZMKPg58wDSFLi1m0dWXo=","TNIpu/mqyE/czfjH0GKtlElgzITF2Nb6yNF3/jSG7mw=","tmY3uEOuKR2nhqg9RD75Ured/IOTZbfyA69blvRVoks=","h3HA8JqIpn+cKO3TruxfWnw/pYYFLTfXAJvgHVccuTk=","wRHFTs2gx6aTK24+p1N8o/AlLzmXVYrL/+6abn1kH8c=","affa0SqYXIRyf+fezgdlFjhxK8gN+0U/Swc+EmvEpeA=","/GCjdaVLYrE5AOXZcNOLQxUMYvd/yxrM2EhBmwCaZhA=","UsX1IQNFwHc4MEgZvVWrKGMC0M7bZZjEVmUGNwvz5yg=","L1G18uOY2ufG+4X12fvBYQpnXi6Fbb3CynJ0jFRTi5I=","H0ue2d4cqNgzCcslGI4L633gvMWP0gh2D9yAxjY5dvY=","PxPEZHtdx6QKVexrIlLeu4vUUQCQ2Nrz18TkgITaxm0=","rdIamyMQXxI4OZNZSK3lPQKypw6mX3gzR8JE22ZXJMA=","B2nJGiL0CoctEY0QpGssSkT3vbCsILvX7O9jlqm05bs=","Akm0sx0sD8lxLqXkVvxgHWS0X02jOR01iXlzSL3Qu3w=","oR0My5caeNJs5v2gbfJK825kCvb0xtpJRiPgthmmYvs=","HAK2zb3GklR2XF0hi17nHDf6OUpDbfcW4DSfoRknC9I=","MIJId/4rtESbIyYamTStXW5qziY+Yuk/gbYZt1JUthY=","+cqLvjdVWP5c4cZePxsPSUjl/Z9/1KT9vlzoqiXU2Cg=","VlKcnXMbRTI9TDEk4jB/COFV/cttB6WOe1eeotP/7Y0=","EkAxMEe47jQAbtjLPT8F0iezWuBwzpDsVWSWFybx2V8=","9sitpaqzgLI+vuexz3oIlcjcNxhzvde8Q810cOEgs4k=","OVXgHzI6jYa7vOAubn+fe6xdb9n/1Re4Mbf3YjOw/s4=","SmjtXbzyLZZExVKZ8JmtclQHZf3AvMkPRzQfX8ppAIY=","8/w4Oetyv6EJddAO5f1BJ80JYROtAp59Eg6MamAi42o=","UbgN40WhkoQuPIZ95NCpXc/y/q+K5hSyEkdhgT71Jkg=","kAlQ8gGxKLUEunOlSs7Mt+9nRmHwt/M9ByzvyZGExYE=","vI3b1Al0v+JHAtw+kg7YQ07RDy4XrU/vbLW3mCdz2KA=","lvnmTwOqFMJorWeDyT8nRbdtq0gWra2libn9hpFlYHU=","39MqXtw5uOaUzK+LJVvsJlVzGBHO21ZmB9wYXy9UE48=","W5BIf6CK+jOAnBcS5wcu4nTamy7xJ2RzC1l6J0veZCM=","hH6LruskmUDL4rYnye9d96hT7+Lq7+TzCFLvOEQNxo8=","ipItyiw2op1qdH56NS+5307lDiLc7hBEFiWAHGZLNiE=","UPzAzKCuz0XZvrglQwmQqp1B59vJor8KWA45KdGZ5EI=","2sOLKGBOuFn3uqLPceWqTNY6e5jci5Rer2dD0VdZzTc=","e44DvX2t/I3onzY83AA7P6KrI2FGCK87mp6wZyvmBTU=","T+UivoIf+gQlGX5vmRwqgMNTjmFE0POEpx8CANZN+3E=","/9mXckUz6VI/YePsTIO3fOQ5ca27Kt8I9duZsIsOOWs=","D3eenCzI/mgc6IdH+sicdm1HvIjSdu228nRZ/v47t2Q=","U2HRL3+n71GJRqLCe3uXbZhqp2yeHRC+6FgulE38698=","rfkLV3lLfrxcHT+D6H3mag/Ja2VBMRm1/TMEd++XP8M=","G8QIu+x8mJI01gUf/M3bcBNg5/XN9Y/75msuuMm0Dqg=","aFn71agNP3byxybst0fciEySRUJQjkpuvXnNOXv/k1M=","9138mkHLphl2AHBSngx9AOi6PaxgRCCXO4sV21Qyo34=","eYcRBpOr9a/22TNOo6haei0ktBxUMiQIspgGVe/PC9Y=","6RjJk4bddWmlxxnX19WX/NGXY4MIzG9J2gCS9zmLvKg=","vs3sxJL/0Z0i3WjM85/t50IGUjM+xQXkw4TXUsUvjEY=","Nr6ZyihZqXIUHTopM9bRuFzY/e0T1BUFW+JbeeEwSM0=","WbRRzBDCoTCSFwx6tkTkx1jKxLE5aUWO0LJlp+3LT2M=","uioW8nOFvi4wTPCDGbGrc8KE0Lq4z1DOTUX1OtJht+c=","jWo+0ud6U5obziuJYzWVl50XepundV+9OXMJzI2j2HY=","yF7TLiFNOSJzpMuJKz704ZPR+uVvtNsiPbXeb5KYkNw=","4Cto6WW/3tOScJsiOtbjMPU3Sh/Ot+AVSosD6fLRfsA=","0nX6WWl1Bd9/k1xorXf/ph2E1Obc3FnhA+xuhZ8sdU0=","IkY9jWOw0A79bOj0bSKhebTu5+Lb/XAR6DHOd4+3cg8=","zBvGzLJhfLHfONcWRF/Xz7/aXrKugzJgVSfZs3mSis0=","1I0aUnfXMOspLykS4lpEwbLzlrJ62pzyzNt06av6wU8=","q4EV2bAZB9QHVZyawM0/s86iW6RVKyWVeZcS0BuFuTU=","JGd8yvmOIEYkV9La5msjOMx3SEbxpkMPatlTsu4AcRI=","C99jv3nv+0ULndptWainRGCFSK6ByeX/HXHBnCp/r/0=","GYgs+S3eVVQeg/j1997+zs8e7fKbEpJZyUEhetdCbtM=","+x+lYgrn5xnm3DcC2cdnekKg3V5D/vSSoRWKqyONeYg=","BJYCm0lpKTTpG7zHda0vS3YlP4dOiZsYOfdGAHHfCLM=","VEwhp9zXJi9BPQsQlxI1fPuc/ixPZaojk4e7TcE9poU=","z/aToXPjS+dG7LOf/SFJQKlxywsuBChx/m69oB0cqT0=","HlrL6HADf6/w2rvfd+ZUKN6qioX8OtpkbSTcJ2e/Tiw=","uEWEfu/kRq6+4Hwo4SBuJwDDV1tKAgcH9BHjUzgCJaY=","NybmcpSI/W/1bNp4bK5eJ2MFNBLcN+iECBEvQ2BT8jQ=","DolZtpUYSBe/JW49JzFGIamk4EqJpdcAMe2xTj1BXR4=","HE/4yjLSaHq9enL3JzBqlci4osC61y5Jk5YmQKOxO7M=","CtxwW1Aa5HOlXITK18AF2qujltr/FQldF8CyNX1vRx4=","v6PK42tOGyQu6SLVVuJrBMd9HbrycOfrUYZfHPfuDRE=","gMEbfFbhjyJYA6bi22Ey3NP67I+LrH3QBZ5BzLR5JKY=","o8B4cYLuJ9IIsUaX2AEulSIM82o6yRpo0BG/TrOv3EM=","+8FwXT10lXofAdA/bZzPpO01z5HhudQUWK4IzbHS4zI=","RfGWQbkvMEU4yd7zXAnbH92h7tuRt5oRbbaOg1xBQDI=","6vwgEZlT6DOuU2j+gC4E9SmIZAvdmnNnt7JC7LAE8Es=","yFFfPqWGe5FWZgwJqTt5P7kVhgrQviO2yE9AZ1VjOg4=","QxgcjlmzPqSyCxegZn+Z88q09+akRaIllWs7iSiuQqU=","lplK0h7CvMb+8PhPUqZFSbI+6bJsmJI9Q/hHVgsJ2jI=","XhvkZ6ncjeSTzbpCvFK42h6hC2KFiuEMzsHgtk9lf1k=","Tiolp2xOfGY75WppnaJ7KqJkQ/XNtLb08+DnwTIIVUk=","hK6ApIgHWi0QRlatUKO31fRiTBrLtQ8Un6Pgca7vK08=","SsHhwVh3oAD7J11xBYhE46oldluHxbTDtLoRwtfz74w=","n/iG8NaCXgEaOeL9gBv1YBwZ5sOqICLJM+nzTot+0/A=","Qgng+PPo92M0CERrY+TzFOhM45s4jTIbVQ112cYWmso=","fBpUtO6t8J8KVxiwmm7L2Su/WGwqzx/wcpLKMocBdKQ=","UUoFU61+SkeEacw3CBAQmJk8mKIuADEyxWtDSiDWztI=","7YuLZjSLy4FJuI53BfxUro2IIrHdUZcQIeEqNFa4qds=","Dvinl+gyqgry4/oWgjlzx9/sL9wQ7p5Y7ge+9SVrnpY=","Nuq2byj0mqvpqoCpESVs6l0yt42yuFTlO2KnRba5Y9I=","skJijVLpFdgYtXvqzfViTT10N32OK1WNFLuX66TIZlM=","2VePRU1hlXrloJgVFpFCYxnlNhLeWx70XAcQp6QeJpk=","gBVeEBZM/B1QhJDai4G9xMP/qhsC4geh2XWpWvmJ89A=","9UhubE8+fKOiwhWZQpKAsYTQscsPwB1aYeR4qf4VAYk=","frf7cs4CI2RWq8f5XCobQb89OJLXJ5aQ000O+5dPaGA=","p4HTMJAcOGzmDLzmcSAZCWznGVJS6TiH035dvdkakh4=","WT/cEQj3aL3MJSsYG3A6W8Vr0zXmqOBG+SRVM/CDbi4=","fjbMLDpgmAcz/Q+mNHYyqIoz7ygtl2pfdpONuaSeXLY=","QKc7Kl53p9E3LSgy2pVGiQrl16h3dV/LCHq4zbBMb9U=","DspMt4pAZ9vTgxfTnE/fkMHbvmoktvfKV1DkfQ1FkTs=","CffYqeuoas+fWH7VnNgRMH5+0lH5OykWMQ8s8UGsD3A=","PudCT9gruBAoWK7rekvMpcu5DdyEU7cT4SzYeXyAwMg=","13btic3e42FMfDQtk0KThF4GWtmBXRxlkaN0zAYuyms=","u/tnuK0U/L5XmxCgY5lURue1xxG3yT+m7/G9LYEqrFk=","/MfFv3zfkJ2bkryU1/wUXM8VWJNEDRcer0GXfP8UZmA=","+vJkA+aAHIlXDjIT+WqqJZAXbP/EJigwzvzwMx+atqs=","RQh9xNlby4EPJznCcpmZXtRXFAYJz577Ehm8zJlSw0w=","JC2QcjbKE09zR7ySRpTBdXPSKiIE+4qQEsvivjKo4Ec=","jz0AyxQeRXTXsKD4snITOGn1pLvNylCH2J/iFycOsvA=","edDp4y7domsiMPRFZRJyrNB2pZZAMC43Il8fOIPa+9M=","PJ1CfGWsovedJtw/QYEPfctxltTZ+HsEyW/QcLbOY78=","6cBHx6cyd3PAnxpmvwzlxfN1DqlkKE8AA4ZcezKXh58=","pta2VqB8V6gbnRT59vmxIwQkVAH8HBuZXDuP1ZnrLl8=","0axrfPIbi6uVlZDVPqdmZARy6vBZKllthE5QlVKxSSU=","5meQJI0A24g4fsnZx3JWj4PBYXAEiV/UdQlwDsrJNWE=","jvMETOHQfe9xn6AYyHBCgWYi/KYsH2rSwvbpJSXHq4g=","xdKv5pPtgqy+bj46oaJMyQoaPZbm406tUzzyQ/EiHgM=","jJ9mRN6uD53b9LLNQlLU3FQwj24+rJK6A7iBnyg8p4M=","gFqTq4xPxLEy4FbC6DsWDvqUvDiPFg2OZsRg0SKMqco=","nEbHL9zNXf2tVvuTv9WhC+CUHA5H5Fn5Kk/+kGmdX/s=","M/SOHbQhsxSQ3s0pkgnNCDpSgxzZirZNZiwGMW81tQ4=","nyWoKUlh7vRCSyVYOBTukChNjfXofPuZ7ProMY3iJYQ=","iVkXxoiBfBat41rLgmEhGzkUwTskM35SbmcAmNGyS/A=","p0AeY/CyRT0o01j63lY8nCwKZkY9p1ZN442jgZoU+Sw=","9Zw/9BR6uObVOI2d+xgePO1L00wIVSv38GsrDu2qyQM=","5fo7+XpVzu/KKLCwjBhyNui10SEnVIgjiuKwHsFpztg=","le9S9nua4Y7N1knfv3F8XAcs5Y6AKXk3g+G4EhT09O0=","kxAoVd1caq2oW+ofFCCDsE8fIXztlGnHWGv2UoXnERk=","5yNmZdFwObMKr4+hBmM2tsMMA7d4xIYiBhNuN1sx9kE=","ovdosi/cK0XSZTef1G5puaCqcEE59qFs5ue2zWBT/zU=","WJCSr91Xbg9EAjv6RkZwfY2cnh1mTd066qJOKOUxTTU=","7MdMGfdRgTUsV2QKn9tWfKUBF4Jbe+TkyhJBAtsY1pU=","k/pZMg+GJmQ96YhD1WHviN2afs+afwgMd+xDPmXKpQY=","orXYMkNLh8hRjlR1gg5zFC+jm0eWE+QRLTXRGQvChg0=","gn2JjBy+OAOwwXzYW2DAFOHty5qy+G6XIaN67Ko+GVI=","2Dj6wUbTh5c03W22qQUWK1yS4C8z3vIixiDoEbo4OEc=","Bh5ayKu6VNnKYgA74stZZ7d/NFaqnk8eJCb/iE+CTQ4=","/aSYUczGq/6WVHOyZaucjtKwLyWCfBljJ7/PGvwbUHU=","zt1x1j5yTOj3p0tpPylr96psFEhgKTFoQnJlPfNxj+E=","iHooU3DRpsVmnNWXfWemGOkVgkpMFUfOn4mkqZKiVCg=","oRQv65KMsUbKV4SkLmgKV5KpYXe4//E8AOlhOdeOL9Q=","TgV16JY6GJXal+hGdu8TNXGpXVAkZRDcvGCiGC06ltQ=","32yIDnUR6JTJ36ffERJ0EweNqt8UP+07H4Xhre4P1Mc=","4TNAh+FYEV05jigvRznxkjKJCjEbxiTgmTyGPwJi3Gk=","GGjXD9DJjOmJ465BZQyDD9DEnTBxYTFQwBKATEMgWvI=","/I3Vp6CaPGR4q7xfbm19aKjwSZTxCiU9ueTOJYlFadw=","MHOzib3CTHh2yUK7j0udLAwmFFcRObnq7+cjhub/OcM=","2sAll/eORiyVMDMA3bEHAbWIvBccgblL1/eezGMvvH0=","rBCfHJc2kQOlHeJtdxFicEPMd6Wdsdu8r/BUBvoIiPQ=","niyl5QItBZhBVRu1kFSRsGBwUO8+RW5b1yshJn5vDL4=","ZDs8nS2rkcpgpBj3mHOaIXbysz0dUuuUDNJGjt89Z/s=","Zw5Zi/eIYEzaldLtXlSJDhlEhwf6SjofCVCg10i8rSQ=","R+zskWMjGV/OlVIPlDxIgFTelNgAr1tlmROBx2kayHU=","0wrpGt1Nw1JzGkoacjlBnpuLxbGpVun4zKLORORQMao=","PPzNx1CnfouksadKXYkZs9ng1v3UbDbbcZ1orzD33AA=","/qTjHWmVUNaclUoGSUP0LETIVVfHIDp2cSfPUuOUH8U=","7sfJaXLhqq6LbJG7Cp8yf1F8ufcI/JtOL0PSY3a6vk8=","JukDE9LraTRIy0NxjxJ507vSS1WQnqdyWDcm4tNKpcM=","Mep5Pc8AQpTz6gHnVyO8oMB8Dncdec2fHHsPLLUaXMA=","VEl1qZojmg8X6111ciaDkabGZJE3+Pu1DrA9nwYxrh8=","ZXaWkqRoc4IL5i0tThEzQe6x4PTc9PKTyqEameJF1zo=","YU/l5wjMIOvp6owAhO8n09NQYhRix+o9WXuFNGa1pLI=","+79k7pNAeEWPSa6RVUWAkknd31F5jtoFgiKIPVImE+Y=","+F/hzouJlrkxaEUNwed6PQ5ZBI31t7I/DCN1qwfjGW0=","RWAlDv00GUE97tIlZBYWGt1hek3VRHVnbbEzJ18U0PA=","PetWK4asNmjhW/9FkBJi2jfMkz5Wdy8f36qUv9F29xg=","axTFgtghV8yXxfhU2tisQvV2uI3vfeSRSlqALJ8mWgo=","m1nThB72W06oPsS46EUHgMmxeIRZ2ORF9BmjAuLbsNA=","WQnCDGcHPUc1a0ecx0aY0tZNadlFkCsXNzLBzGD7tfM=","6YiOyQHZj5Ftx2iMZjnp95yd9lGSYqhaH/gCtV2PeuA=","FIa07ZFkA8nqSlqrXmayA4q2m0ZqCqhSalQRIR7hDr0=","lKhPsyYyo1Ye5VtOAAndG2NVK7W2rTjbA4M27vVW6NI=","zgWycSi0a9Ef9dcn0PifZyldcWydW+Yj5WgETaGyXH8=","b9PuVuH2KDjd+WlDNHRYyS0ir3KMLs5yxVK7YQ231RA=","rLrSHSuwqTmoUq3uN/wYxW7tI6tD+slyqOYHv/IPLBg=","SvLkO9MAWcTZAvgeR0as0+YjWjTVLuBPgO5aL6Pkh2A=","45bbB6ybSCxG9n8JWoZ9tUh7kTUvRn2PU7U5JiYRzfo=","PBi9HkB8NxJ3GtqrGTvyPLE9qzqQdXpxcIge3nzAyXc=","at/ntcHmpa2JOPX5XStrhNnDJjGSNPRbQ6m8dO3DcHU=","bE7ARKLglyPL2MBjyagiQCUpgSTE6jdRTD5fVsMEk80=","CHchysQF5skoSCNDuUfdKMBzlhRIeHZtfpTa5ofEUs0=","fbeOIm0Asixo8rX2TR67RnxBNpsS4K2l3fPK69WqVOM=","oHcNtaE/8XFR1YFaDtUqANBQYcMO6eHei4aH9FNiq+U=","CZltmJ9n3e4rN9q26yjLfYW+Uq33G+g5r68Ekd8/0tk=","UwDX+9bgOjanD28ZVIQT6HaKwavT22ifTRKbE7BOFT4=","v52GW1KlbAZATghLxrUGWNCM2Wwobsm50MpCQX/4Zpc=","xTfvdG9rnDAAOub/0j/ze7eWLs9LlM0vYAgN3uR+MuE=","+LCmJ4ScHo+f4YDknDlo24fmRsOYS+CP8z86FnNVHVQ=","ZbT7Yg3VQdRc/BRVU5iLA774Apdt31PvLViJkfOHm3s="],"block_size":4096,"path":"build/main.js"},{"block_hashes":["Nv3G1IU6Hi2izyYUE3HriFBWZI01VaSW9AYYfzxcH1c="],"block_size":4096,"path":"build/panel.js"},{"block_hashes":["nSYHKggHOnLDV81E54SZhD5yKVK8k/nKpD3+pYgX9pU=","kmHpk0VsRwhbTz3czUBpSaPtV1yryWqm7EHkUDFf+wM=","uMR4CDOAs1eUCijO6ugmgCjaj8epxMGIyMnvpHtPgUo=","RMzaCRJ8t12JkHn3/R7K6PybDzBiuOsB7K7kx0rlqk8=","IWV31hJrDhoAROF7T7fbIIExGTL9WMuUwkrH1gHGLns=","8PD5Q+j/3rfKO5VuJ1s5oOjTrvlmVpRdk3IYSLqhP64=","MSE2RVmNRch7oshmgHIx+uUyh6RgViX62RzXAR44bTA=","yTV8l9YW4Hd1KQEQnFqWhr8xKfckAcAWufywHpQd26U=","otSSjCTV4fcMadqna6sZYg7yTevIn7+aiVPcD8+NU/A=","77+8GWaVDUO8+aOCmiuHATiEob6rQut0p73gcjTp4So=","YoCeAWyyBqpoyidZg5UqQ1j3xkfyH7WO4um1VYLj3D0=","2FC7nI7PTJLbCLvEk0zh7ogy/Pz0BfutIzu2wWx7rd0=","Q23rfW9qWC7TwjMm33OLpKKvzZjsHhCjQ5l1S3Cjumg=","CqRrvYH6FqOXfGYdPrON1+5/DlobzmOXDdS8ZDvWpKo=","yM/+TWZ9BiiLSP/cHeWCT3rv2YFA3xCK+Lo26PXBaEw=","iyPjLeaWQyp8l9H7USq2kc3lsjk+cF1psJErbbhwvB4=","C3d75Un7kbz7BfrBorJWbkj1CA4uXdapb9fibgfWYzM=","RnM6eXg/ayNFGc0ZOYYJhnMdjd+dtGK0qh4a7j4J9Ys=","pJ/9cHyzJL6AbTyHAs26QC/GTjPfoOJlxIkJ/d5+COk=","BV1AiQ03I6T1JJR3BQBvT5/CVDtGX07n5LOQkgjwhRo=","5h5gvAIkZ40xhTe2M3oKpdpg7z7eaaarBypYv47F2cY=","aod97sNkz1GpTHyzCgMQdFeyL3Xr1s+NvA9EGiaOmDg=","zUP3c74qnMr+OU/BHpSWpRGXY0d7HX3B8o+Dz0ArAVc=","/D8SlHBJjyqQcUajG3FlzFB5KCBPfvyIGmnyfzb86is=","Jpza2cn6eD6uScWk3gh3nhbmKySRGwtDDNgHdZoxYXQ=","X+AX4NvcKQpcsCqbgrY84l6DL4Vhewz4gX00nQcIEcY=","3wFPO3E8jIqqJCJCEBWdCjz0QY2MamuMMjWEwPau3C8=","xpJ3SwLZ555/MMpOIN/ccfFmDI4pytxQGnFqEofOu/o=","8JScQUKrEpG0OLJz0KGY+loZ2jN5vVPMnASteYHEELM=","UKiQ8SRhjya6swYRBu1/7enZ+a9sJyl3M05TSvSQtFQ=","MNL3OOBi6HFBhiNpCDaJdrR4YMbncg1ehzKApU1pmOU=","o/DS9b+SCz8ap2qKeZVjQBo20aBR33YirBspfsgob04=","qYcEgTwI6CqyUQjZxZ83VqUpjtMIm/fmGEakE36ibbU=","wiStcwHUWE/ywseAi2CHTLbK0dvU9WVySEszxg+AEbk=","IlGyZiatEj3rIgyk0uwnnPPpXJIMg3sQUujym2TFwsc=","QRqAEIdLuNAOZu5WhvZEoHcETx+NKpovULDyrbuDElk=","SwBhEhtdky4OehbDSiA1plauh5KSILqMyypP1NQyDhg=","+TrTCUAczjaDatoYYRNE3QUAFAe9jcUaXomqqPkP9pU=","zSKxBOAn+1mb4KikBKH4zl5N3CLBtp2Aqf1ICAYHl64=","fpr0Evqaxv+EBFVrsKhEhuIlHiLH53N5uTVImMTDzXs=","8n8pSRm/ckffVJODiWW9HWX06rnX5DFWhpgZFgmrIvc=","dfZ7v3nNwwRCqHqfCoC8cSs4g8KFMmVqVJl63m1YuAU=","nru6QfXqlo/AsxisrdHYzAJDyVOdT0Nfvx8sSazLubk=","cSfWZAyDfJT7fE/MDiHyuKXPoo/VhsZJUB5fgXzrgY0=","QRVE8KCJMxAZ24bIyn2+VcxAtN5ddgyAz1XKh0bQlPI=","WnIPmive7LqX+6QQ0+JfNsDMCykUtPZ4E0WC0b91Ec0=","uSbPGmS2w2N0K6E15AfAv1npJGlw746Zp090JQjQ4wA=","5l9HwoZC3gYZ9dPqozAEIIZ6d/QtRlYhL7EdjwJFhkw=","PGrBF6lKmwWoZh1D0lrAyMDMgBj8+9POWty6hWJwvt0=","QjKd0U1K7gurvtKwlvwyuSpv0Un73AxG7l9ACd09ox0=","cBLLaxW5rVrTyCPPT5651ECqxyL6BOv8LSvDmRp05WM=","Gtc25Psz+SmgpdXoP2NP/y2os5hLYYBw4cIMvqPtYk0=","DgxuYprVX0/HdrJ3c1EQhBMHVMLjF9W3SeNId7wCg2g=","HRpOs/HIxceCleTsEfQkd6/XpX4OZHjWLAZ7m+6rQkY=","yxBQ7XVIb956N1G7QJeB72v+OPZQgfQOHAof5efbDO4=","66QCDdDJl2di70t8YQjlYGOsmN1Wvl15lfnKmlugOrY=","4o4MLFq03/xjvyEvzb1kdK1dEWZ+MIHQCrVtBfh019E=","CYyeci0xK/C6buwOnqMu8prI64MCmtIpbKp23w4Lh+8=","8L/A9aZFoiEQ7fCA+ydDkvZzvTdQNwcOWmXelz7Ab6w=","VWTegnd5yoRfpPEma/vGBPAp8u2hT4I/CTG1Ep5alEY=","F8Qhd4TOkH4pqs/9WQFeEScHjYBK9E4ErSsZ4gsNjOI=","TFyYSdQAxGqOHuUX5U2m+3Zo1mdM9/YWTfgjc7gRD0g=","6tUyEWPZUa+4bGZr5WQXTZ8ijXQRnUyHTCVhroasxds=","mobivnFbnAOA7Nt/sZ1HqbUIuL1R3HQ7DAovek95tfo=","NHMEnzRPLEEwi/lxSLYiMgJ8cTNfDxoHyTsYOWKjEfA=","t3XstQVhiOOD5iMMmn3ZGCYAi8Xo39oB9qJNXiYMsyw=","nedFBBcF3jSEA7fU05p89KLI4cOLOk5Vc/UxH2Q+JAM=","9ic0kUAgSJqxqZQ+8JCpRkOahHr/hx19MgZw5/pAbV8=","f9gH9knPalw8+w053YO9gT+mFeMuje/3g2zaVAtwpPo=","5yhP/0HYYtKraGU//q2O69I8v5PApSG3oPQKSwjLymc=","/doVOK18ajr0spw1h71DuLxQhkA8OkHjR+6Cp8ll/nI=","jmuxt6U2ro4OowuLGFboe0otx8NFSyN7H4VPCyrb7jo=","+yyyThID33lYfmiZXRItAN5nbaa/W0oAHRZZWKiYL3o=","tk4eXsMSaIy7Qt9XwyRSOR+CcKxsG/5oR+dBTAuwNQQ=","eYo8DuSG9uqVigg7GlvNvBr1Nxj0uh6UCz9ck53gZ9Q=","+1+Pt2QZOek5vOmgSNhvcp2BFOq3RejkiS+FPSKvIDM=","Y6ps1C0mv7sDgAVxycaESeU0IH3hCK6UBohnqwAG2t0=","MWWhWgFR+IadfGYPZaz+RxvcK4sFuPCo+SPLVMMol1s=","ADFyLrdil9EIirHCsM4Ptp/ngOA9iiOqsOx3f604ZDY=","kZx+Q0ErNoHka+6xTQs/dD/mYKRNGZTED0fPNv4YREQ=","wrBZ/gQtXDJ5AKL9YMzG2o47AuvWIV3qtAZ3L3DIUjg=","k/LSnOFHhzSfnxOstAOcCzr7S+sSpdsYAwSvbQHTlk8=","2/olr/zjXH1C8rgWIGZwXkaisVBd3PbQ0y7+9mvdCW4=","RAVOmOC5wKGe7+a/PjAHJCxlDTOsRAoP7wI6ZhdBjjk=","IZrTgn0ERrfm+SNiMT5z4KKIZLNlFQrfrV+hODgVVDw=","no+LBEEpJVGtc4l7Ja+GyuHCxfMiGs/qCBlAFtcCTUs=","0or+FhhUpYow16mGlPhtA+AX1eIja2sXAXWS0n7xhcw=","1UjWcwIeSDlFMyu6UtsIVyaqAH1iBuw9sH6+qYak9tA=","q4DZX8f+4evkJDtcCVIujcPiDLspfTyp0j0WBo8vPPU=","15vstNOnjKWzHlpdybKdZEp2LPwPR0VU6ZMYZvCP/Q4=","54dT2TWWDXW7pZz19hvdE/KQqNLkvoNkAOVCXW+ZMYI=","UUaAhFPtClAAWISzsR9r6M+tsablowI9p2i9ACE3MZA=","HgJNwffB+aTShS+f+KrX4BOPE3bD29nO24mKFnTx5M4=","92wtw9JESHelzGzOINT8BT4A373CXEt9TKr510Mb1bo=","Sg8Y4iQE2vCYMgAt7Izk9btBo5AmAh/tC1kVZ1RjOEY=","SqBxU3seEh8/k2lhqmKeZGqwZG0yztLqGbZSKGXpdbA=","2xPoBz2B//oE6CoOcoajZEtY9+hYKCa2N250fQ883D8=","gDdcMozSuD7gjeCB3YCaSXxKw/sINMDOWGupVBHlOks=","WtqZ+X8IWL0HPhuhJx7wpKyhLbqdiN0H24EkbP8afHs=","QsN1XbshPCtJlfbXYZ5PKEqSGXCl6fXhe7+QLm7I4pg=","nS0fO2MN9iyBJSXVauIit8WWx41TYxMnPFrmwR0fkMQ=","NviGkEQJ1tt8YE1pPh4AXvSxuOmUr75I5Z52n6y4EiA=","bDMhX7k8+Y/a5XHu5xmHQ9Kpe4wMxjy0X/YrslYJUgY=","2uRg1dvbFZqUGdBarx55nlBaFhe4E+6yIU82sfpZiow=","ajuJxfv15R7Sv0jiEoPW6AWLHrQfa9moc0cuM7vi83g=","HlQHP8G+INLqQp7Y4+2BEMucfVHBGGfsp8OAM8k9woE=","MZEaBNhkwEZ3Tz+gHQBeeFtBvrPWj7dcoqd90sX02jo=","tZtlnkEcS8EEKo00mVZ8X1u2C0lO4PkMRG7cuJw2HHI=","4llvebPJaaB59BZR4suobjtndKLpGwAj5hithgcClc8=","5rhT+MiZfTleR4lpVQZGWggl7CqiUxHEtxYO/un3hI8=","KoZhxc0+VxKKxNWhg1T7zYs5msqNE5R+siVYTc5lB4I=","0pZHAyEAzMrzulq+PRmR1yiY6zGNthtLyfDovsyzYZI=","RSS95PE/mvpwzf1UMrLWb3HckRZADnVypH4SltFvTPs=","0ZTGbL+MQd11hFpTC0x8erkf7P7Ly0MX5cTEoat2G7c=","5ztzHNmnbuFJd3S2B9FETM/5VTB2iiEdj6vCDpwU3/o=","o+S0Y05SuYbpqxaf/KjGXWzhU2ARsYUo9CM/PcHKy8U=","KSVhvdUoxq8m6y8p+Q26hNoR8BakuP7DbLfXvhOPFDg=","Wx1AgAmewtkgGaXWAJajdsJnMrtZugnoadw5XEgGN/A=","7glXiP0Y8llODR2goDfYwJE+ocuKnqoRQO3hQoATukc=","aZ+oCq8I0B00Zn7n9pkeei5zDkuKkZ4KLgFVUMALlbc=","X0DiJnU7b3G7moizfw77WQy7wR74KTRzdB71VBmPIB8=","Q6XSyfTe9t+RKedep9/WRL14aiYhBSjvDDfO62FQ+Ww=","yAFYp5VIHFl43bsLat59wvoRMYUIihiGqo765pTi+6c=","Qn/mwi/BWfqOyoqrNMSLfuAm7QobTyPfayfyeAczrGA=","4kZiJIzsVL5D149eWgD9mmR0Q+pQ6o9jAjHHQtxAGs0=","DdNTHc/pyiHR7w/tygTrgdnYH6xw2exCyUMuUQX8LCM=","tnCKByoYH/C5S6h4+HAT9gJk3mfI1dUfl/H3on797tc=","vEmjqO+kQdj7jRKsNGVLlYT4vGjVOB7Rru1IkxoVPmc=","n/f12eqbovINKNwfk6gmwYsnlXN4HMdeADYZU56usNQ=","QnSoCwHSUjDuwOm0sRMmhVWm+o+WoMVwPXPB7iA6WCM=","8B1IV5xSqV5fj0yrExMEQCxtTOL3UNFQLaF5/mMfeZc=","uVVvoyq3uYiGkBuctSZUhUnWD2IYu3Npu37Qti7kBTw=","QTZaC4NnUr8HoU28gbSQHUlB3+k0ni9GOgaBpG/0EZo=","uSpC7sQJNzRLnQS0iTWXdKaS4NbbctXXWjNyWswpFQE=","wX0I7c7rlMu4yO17gZo6CGOfOsKDdL8PZQuVPBdeW3s=","J61zjddpz8nDyJ1UB5irobBCrrDg+QSyFJ52LZntMbk=","dB9mOuf0L2SfPcTllUhFyR6CVfzP3MQfW0+8TREOr+Y=","6hT9QzmYchCHuji4QiK6OlRjEL1ShcIQREDWvGquTdw=","RGHOMzUeI7BGZGD+3muUh7nWr5mrwQGic/lsS1uC+Zs=","qug/T5NHICRuvIPvRvxuB9unpKvKnaJWCIqguOm1qM4=","owUjvMYeCF5OhcCRvzvHF6UgrcYYFl9S/stLGMYNpcs=","/Zl7vW5R9Aa5pUeMG4bkigPJNUYFFQGDvfhcInkkr+M=","wdkeBQOYjOx4fc9fWKuKpGKlquGj/+aQHSAn+u4GHbE=","P8caT9aDwg7+JuMhfLGrlnJ6IFysMexosRSg2fXy/8c=","bQSy+TygTsaVm864DLy7mSzcUw7Fp+HAJEgMVHnFlOA=","u8UeLRVnRcxFbQwJRAIWr7MarcY7vHNFKs7TuBRgwFA=","6QLJm+yRWfOZinp9rRO2rNEw2h9znqs8iNWpwxCrd3s=","21JvBkJY8cw9QWH6UoY3eIXSch+X1Nk8KWaiUemm+XU=","5gk2F8MySPSzuMDcmiJ7Tg1frw7Qjh/hGDTTCx2VN6g=","Ciy65YW4BmJGiiQTxqkx0RsnCtWUQr178A75RcpI6m0=","oqOzJna/73OFe1PwWRg3dg+xycfwfTQ2Xo0ODSQZ5AY=","PlbHxeAF2dbJTVDlvezP2DaNaL1xD6ZnbMC0Xpuvmzc=","jr4PQQ1NJ5ECrG8BavnQb3BfQjQm9aQN19x/4V8cQcE=","+7r9QBF4eG5H20sc7uGCNwqUqbo+MhnyBK37wRHIj1Q=","96icT44TVEI4ObalAvZKBcnpvecAgkEpoarnU1HvJOk=","wKxh28RjfDGwc2GYQDpp329b6+UBqDjkjq1d3tcPelo=","d6TKzj38toFrIu+buSzFeC4mvYm7Fh++2racEK3H3I0=","iequwtC0bGvMyur8n8Is9nR8vUC7JoJZxR1QtXIit2Q=","cKsRHzJN9qzoMWf38XoBxK6LTJx2LL3hKslmlHydVUI=","0HLy09Om3hPOPbyNBQqWnKmzMr4UCax1wBgfkZqwcU0=","ei7G8fCxqkb23X4D/OYfx3WtM7jraSyjoEXx+VvO600=","8wDubuC55Z0NyP+0IafUqXED4VlgjUZJxonP0xBxAAg=","7dQihwdxy4KVz+eS49uaOPQzMWfoPU4RzMTuzxKmkLE=","a+17OCLM3o6FcjjZ7+YgrOStZ3GAd5HbGVELOxiKkHw=","NYAugY7EWqwI0FaEtsv9qLumQeeBApZX2imCWQ1kBEI=","E7ekZmQSJcWDbiZ0ro8/YYW+qTMBjUYV8T5efoObQYw=","gAdPcVWEaptjurUxChMZt/QnWM4rwH98tBQZglSqUBw=","YIMxMao3/sl16G/ScJ4WuXNT2F0T8L4qb3QCKPCEb0k=","TaucCvjZFEjsEAgSzRMrXfvRxTFICWlD82PJ9ck6cWM=","LBfwl5f/pPFGFto42JQhZ0Fa72cLLKndeMV71tYLLKM=","jZYLQwCtP6hkY53e4A+AeYl5XjU4vLwZdEibyee6XrI=","r+B8aoBDNs+SLdlBUuUxD0adeglGl+g6nkwyV/HfPro=","bpkJh/NFhf0b3xWKHZ5teh8mbQC/NJRKJi/gXgD3e+g=","kJs7vegkTcx9PvQ7tGKIWnOL51GoTG8eOjvQrLqJj+M=","YwA7N2/8CRJ02KAD8feIyTU/JDM+30NJQC2XBqQ0ixU=","vYwgssP6FxJye+0lsSpUTr9w3PbP8F2/OwF8r3nkDaI=","/m3mQjJpnkGjEAvv8sK5VM0W+XGPEGk+lY/pMgGqnTg=","t7Eya8+sxzpScUlBlIy2fb8b8t4Om1D6lEFGU70hTAs=","WgarzWo7XQrrDhb/HlhLG+1moAJrdNS21w4W2T0dZws=","ZlndHbEoGbiSjrJPbxz5nQFaHxhYp7c7zGtfKy+r4Mg=","RQ6tHG2DH78sU3kVfL4XzC9lGTdROJcIGpkv1me1e18=","EA5j3UR1oy9l/LAoVlnTWA5ca5oEs6TlqGPeuUnCWlg=","XLWgCdU21x26BeX6ULvkNqLDwKsQNivg4ovdx71fmqc=","MlYknyaudNt/9JL+ewRPZC+gHecyB+gaJIQ7fsJDLo0=","QD/FqIzHfNypOzGIsyal88C1E+IjFq0uHZ7P+mwkw6s=","UiijDfWrMZHb56+pxbGGG8SqK/qroy9oBxoZwlBEXzw=","YD7Ks6lv0wEjI0dpkZulWUrXSrrhq9LQwlyRWu3y3Jo=","p8ppDvTmJ/BGrRBRfvlMQzPBaNqtasJDBd2HzOpCNYw=","3tEeTZRTqzbdWbH+m0FF2n/OF0NSIW1rMiYW2SmsNnY=","+A89f2CR6ujVMq0asWMrmYAmSXQhRsykiXUKmQnNeRU=","ld2RFICMKep2wrCZmNS9288EeHUyCtt/kshLPZ/tHpY=","t8+3LM973VaDb3PTc4ncKxcwxiE7YmxSx6TpP9LuytA=","UJEPx2o45g6lpQlnwQ7DmgmHBL/LEdMrIfMejvpg5mE=","i3QqmMBjw2aOQdFEAijbJela6q4+qzcS7wTfYRtV5ow=","GkphzP/kf3BlNbQ7nOP/9haGmZ1gBSNo3gQQ3OLwbJc=","BKKSOibiSoAX0kQLVtEO2I8UB19zo3T6fuabE3/6R44=","W4wdV0CZUL3hnNPfjnhyBeI+82mV7Rh+FzFom8zHRsg=","pC6KEelS6a4okoC6OpEnXAEAOiz/lCWw3aLE3iaDPcw=","Muo5KvaQvTH7aEPEkC0dY85WEXoVlGYNJNlAlBWtC+I=","vZmYAr75d+si0Tq6LlAA70OeWMkZeDc+k+/yBZg4EJU=","2Vcid1r+kypDLaM89DlNa8vYhQ1aqVVmF7xgcRVLRmM=","/5VYNpzgzNo48LUDqniCk+nLdL4Uo14sYckQvBdituA=","QjjkFA8fYrqWr+F9R9w/p9oruiksLE2wfAf0R8c493k=","Czl6jIVi/+NMDs8aM0u3sjxnopYK9cyok3fhzedGh4Q=","UMMe3FDoEHkRNeSJxHMNpLLPg5Jja8/FEUFXJDEjWGw=","aJQCF34/Lxh+LXrkYhjMa8V6pEIF6gDlwCGRjSSX6Dw=","OZ9GLGcDA4i7HP3bfTFE0J3wJKdUj5GqubdMrSp7d6A=","8qsaz0yIwyfF//FGNR7ZsxxZsrBaj0vle5sa1QqqgXc=","uBV1AXWq7CsRmfM3rMMp1goAmrrwrG8kKXsW+KinrQ4=","mnAfiPdmXFBzzbjLxOMGO0HNApOI+B6vk9NFK1BVL4U=","LCh1AkIasqM56PeBQjT8EOu4sb8I6giISePZSW0BKdQ=","C6ghk9wwmV0xcmDR6yA4rKCRku/r2ecT3AKtuHXSlYU=","cnGbll2bnv5TGiOWgIZmq0HeeGCwLoFzVQ6qJuYkP9c=","z+/SPPMpUQvm+bF8sJgPg3OCBgwIJkVzXRhWTndMx/k=","JPfvv9soehr8JxSmjCaHULRnSLDKhxrOaKBeldcVr1I=","imK8gk8qih1tXQ9eRZOzBXRAVuWPFhbJ/jTqnD+GLZo=","nLCyHnm5aBuS2QkzjIIgPiEb5nk2ne/mQKC+THV3Bbw=","bbw4m3d9uF5UlrOq2xp650/7b4O5sOK9DvAJlKyCGpk=","/9LI+Dii6wblwhpjn3IwiC0k5Qx8KojVvQneOgJb0vA=","vcBx5ropwXhT0w0uwVtZp9xM6o5ZyHsj5cFmDryAU+Y=","8JBIPi8KuKiQF6e+sGmZLmtI/NOGFxuPhXSagig+DtI=","6yeg2xcQL895ZLqrh29h2X6mDQ0jl3W3eE4xUOvfHEw=","4+9ZLbrwReT5X878VUr/uX0BOyauxXA96DvKpgyxGmc=","stbJMYm7xMxV82chu9lhfndMXXaiRDWx4GQ/t2TkZYI=","grk5Jm7xffWlAdfPbNCuh6FtSZSrKFbJoZ+yxtwd4Nc=","wKvGxcOhaB6Ai+Zzplqzd5tgQlYUpEXiJvNUGYCkW8o=","oQgr4aiZAKq+E6OmME10QjkSPBwE9UPiPktXNgEWSco=","1VP3n1yIHcxMt7R2oSB1Nop5CGYHKwg6RL5f9AXhd1o=","vu/f0JCyEVhpvnEPjb9p45wJPxd/e0m5H/XV7wT7HhI=","d8fjjqePkxbzuKkAcKJCpHT8nSTp2M36faO8R79qDWs=","KCGECUfwwKolnF7VhaKt+xy0hRt414oFgleulUlrNlE=","2+9Nyd9uNf0AzLf8ip+LXeIZPCEkXw2dGDvdit2dsDI=","7tL8E6EtQdrHuz3oBERxxb606GQPHj4KjhczC2hsgz0=","IJ+hhfT3kRhwIbI3dak9ZAGEwKaJ6dS8WnH15T7o42Q=","oL40Go0jD8B0muEKzVPlHX6Agv8xAzbDGxDyPmVg75E=","lkzKF2c3XqudnpxQpE2eK2pzzY+zUExONWLe11dxZmY=","5gPPdCrcoF9sD3tThb3ayrt7fD+TtfarMJQDQ0S2pOM=","yRdqm8Mb6x5FPr3zlR66la4xkuSmyifBsvUWePB54dg=","uVoG+/pKO+WyV+u3/yy7xkMSAZf9Bre2HqAeuEz+ciY=","uW03sUp2oryzZYE5FuEeLzCl9o5HrHzn0KWW+473GZs=","/APxhFSycjONzg9L2/3qsxdVKzwS9ZohhPjUDD1dYeU=","iS+unRJ6kpj+dWqioTG1vpiObKPVcCYjJyTz0r2t7NE=","YuejpHe73TiSsGKlse9l7gW3Ffe1eljaQ/COQHD2Lfs=","HUZZFduMsoFkEkkApqBgnZ5X8axeKHF3WVA0JfDOPgY=","2UwG2S91aeFFwt96+0cfFHcXYke5LML2XY9ci/P7WAo=","8+0amgEJSLS0r4zwsTtOu4iLUowhUuUIkeZc5lL0od8=","hYMpxESjOJ40sGY1y8OVxGpApFC8JrUdZZ2rF5ESZIw=","cI78Dwo7lk6liQ3smwkaoCiEiNl+CL+L6qvqf3Y8lXw=","f5dcNLZCyibh3EIxcPC/yfUlYFQl8SHPdLayN8G9dio=","4BiNfXJjmU0Xn/LFeKiwswEb5Vf1CuPfHis9huGeqHE=","w9qWIp7+RJI5TovAztx4sY8Ws921/ZIBTbjbYrYd290=","dDXTLmUOmeh6kJIMEqecGeKs3J4agltYZbpBppWj6uE=","c5jESkkWCnvmvJo3QEd3ASXq1bRxZor6A9+Ed95jMPw=","Di1G5ZK/JfrAoceIyOmr7zhQgBq4XSsg+9M5+h2xjos=","9DhTmv/AbmYB95ObwOUL+vftJWarvS3pogkzPXcfAEg=","riHt/scjSMDh2L0rg6qq9nb5jOl8ETt0sG6LfkJP9Cs=","6Am9tCAyqx5L3PE4e2aSr3/j0vl12/LbQjincWmur9U=","YC+b9+ltkp2fISpd7hGOQ8yk5O16ogGy2dBVGSC1sWY=","jlo/bDFEMj5Y+O3yZToWhe9lx4Rple4oKkTmaaKB5zg=","33rAElh2uc42BRfbxEFkPjUWWdo/Am8CaLepezVbZ+k=","kexO/XTtd4q4CWZ3YJsT4z2yoyOzTaQpZLg6oZLKQig=","xt4gQcCTf9IUGPFuS+u0UGXEt5fClnFs/rUk/CvaXxM=","AsRS7L+sT12Q695z+EQcIPI7h6zpCFoHvs7GOHv/Lo8=","eGAFXB+hqGKWUTTePVWgJvDYhK+3Uj9yJupz05rFZgA=","oGoDicx4tdAhnqIpX+gkQSkG7IWop0FDxvfACdk+l1I=","94AjuBqOJwblWq6pxlu9yqhDcOTBOB7qZ/2s3c/PeZs=","IwhU5/79HKNjJPprTYGqqNvl1VJ+/SxdDDco1d5QZ1M=","Y8gX6aG0RktADkfa4XUKVNULaoaZ2ZHkUbG0acxI4ZA=","NTIO2QOmgzu1zCBm5yfYEQAbX4NCpug9egfdmO1C/Pg=","LQ70nsywjXWiw8Eijpm9/VdlYA9UhzfU7yJ2/4QCaYg=","vZ6/5zqV/clu1zvaKiLs8VTd6VOxdkygdk+deAG8bHo=","UyrWLx7a73f+jVsy0p3ATR/housOrZ863Ale/a9+uY0=","fcsI1YVh36+DwyrbtUzYhkhtqm2dxHiZNlETUS4Ju9Y=","qD1lI4RuMjOLmgZlVhnXZ/u20inWPgQ67HCexyMA2mA=","N3SNSFSOQXfCJ0uhc01+6atmzaU166SA/6ZHEF8Y1qs=","2IVCD8FAqvMIrnhUvonaxYjq3qOZAXLWxsLQkKqIkeY=","5uKkApUjeKMbFRmFW4Bl4q1Ym/Nb9Woh52IAKjV8t0Y=","kJ66Xe6IlhPSXTZHafO31sr9tMM1sp3UpXD53koYLCA=","BsV/Ka4ekVNgHuogxeeDy5B6hUpkrNNgIAbdphyX4/4=","Rfq9TcZK1+A2Jv09i5t03EzmPRN0v2M4GApMWg7j3D4=","jAkapRVpUf6jJ3KZmJ/mmEW+9Qyav0M4ncuope9AVZ0=","ICqBDUwF8j/GE7AtIba8bbHaSorQm2ar+aYiYgNoQNc=","qTfQ90pRYYKFDU0vqA2o/BUU8gYrbi7rRC+X7Wy6Z1I=","yARMxc5bNxWb6QRSBd9EQly21jfwU9MVuVtjaQGtq18=","vmQygwzprqVImZwVIp9IUCdZUQ+yHAOU60PnMGlgLek=","wy0nsUhJBjpl4xNmOXcy7jnjA1GvlxnlQGWjqN+pxoY=","wvSV/Vb6ecchC9ZV2TNZKJYNC1Xi+xx45T/Q3VQAlzk=","YEN5LN9vZYg9SwX9IsgQNn8j3Ej2zsNvfLKLlOCnshg=","fqZFDWs4xKy5a2i8mHjjZRudft3x41bMbt0/Zp+laLg=","rYlrYLb53VnGpWboEqrsMEEkFVE8UYW4BpgLcHb/I2I=","rpARHaStZgBs7OmYsK0sLyqZY/0jf98d1xV8r661lVw=","o2Y+BMDnddBVg3XIuyaggeqa6LTpQ6BEmFQz2soc+dA=","8252wxgeA/fi10CaFaQI+RHleU8paLjsuZLMZ6nblX0=","+oXZH5AarSfk4zmajAjY55BmMCF1DAeNl6zQOsQbGzo=","vqR2ovQIVhrWMJxCq12Z22/EFmCtcEIOZt92Zl5NMyI=","LAppF0QTxqHGLCELUDeTAxH5lA0LYEN+0Vd5BbCCfAs=","ILJzh9AFVitgoz7vz6iMnIYz3tnAPE/z5I2qWWgPtfY=","SKf/ZaWEbv0hn3sT6NZ5oNTWmei1nlzeoggusFs+s3U=","qW93nQOyBLjsmBWeGzAlmy78LW46PT1OsCawkV3omfw=","TfIngXzPNb5lJPfx/ZJ3sgb/tg3UP6TcB0AhgGmp+AU=","BcrwmrOxeeRzyiUMHnmg6a399Zwd3ixdfQB+hIqoYCE=","J0dvBEcc70NygFITNsiyw0VetPOJm5Z9QSFE/2srtP4=","SnNqZjhxJOmpW877dk/wZc36RxYLPGEXCnC12J/lSdA=","op0BzBT9leQJaW7Xc1miTD9obyRD5jByoPhiCW2Yvvk=","NX00nibqwYwwUKJ9KoLY7M0PbaeGs8eCa3xDFkxYlCc=","4xJxi3EDk6i3ZSDJDXChJGWh3FBTOv19/l9ipGbpi8k=","zgg5S5nguA9ye/jOxXA/NPHjdmTUdXKPTUJLIeudNkc=","3dUiaOs5foIiyjx0mnOEZqJnzs2Xwog9honZ9UMeEXA=","nNpJGAsjlpvviEKQj4eQzER1m2JPHU/me0yGH6RfhCU=","hysxNHQRcEgAdBw2FzzobxxikpN3C9qXrMnA8JZLIJc=","bt+cAOBST9IJAPBKfI0e0lbx8osA9sWmOfIrawKay0Q=","BnhkEyUQKCdmyHZ5nh+bbQNrlsCVw03mX3M1T6g/b/g=","QuUdxW/UN4Q4q09mYfQmQzs6uV8uDIIsDzF3v/18ioM=","4bxPhc0iKK/dSwFou4oVe2H+J+CQ1aQKmbT0OytBP2Q=","VtdI9lZe36dVHFa0+agBC2k27Mkabt9zoL40qXWyYkg=","46fW6FjQbZbXDM0+QxPeU7pN8/dgpVjP/jovP6QTD1s=","26JYhKBLFnlTmByL0Ss4quNejBvboZu/g/eq9WTLcg4=","LfmEmE5YruO+qv/7O8x4hIDDnNJ0yjdC+rA4hdTsuH0=","7zbclSA4IE6U3Rz1qpjQEaC/cRUTRgDOvHRFWQcmxuU=","V76jwPmTepoblf+joezaNiwSGDnVRbTcPcwFphrejGY=","jBh/P4zzOQt9ciMkY9g00Jw25avTSumIBdvMXtQOT1o=","+e/cBYAImsEBohFf+nbhFe7I+T+88FTo9L+kDcNCNv0=","oYjb9gDYbkmx9FR0TGvOYX/WXeNsAqElYSJVvq8UIPk=","wNQjm9mNJW6d1u149tDJ471AZib8t1ovST/PkQR9bLs=","zjhQ+ccbPvrtKLa9XrOKpvvbaTT3GXt4LmeEKnDxsG8=","/gxKR4ODlETfnV86S61w89/UkVSQWtYiaVWgU1OmD0A=","hh02IX7l2zsaFKEc69ZbIpUhUGr8FzBXLitDOx5UIhw=","B2q/M25jv4qqg6h/cN/Xl1UE/iSdw/MHu+gUxDRxCxI=","RCmcISOneWgA+jKPqP6K5h6e909+g3bQBDdY4SPdwLI=","tWbveWpHVKB4h+ioSOdr8csSLndAMEuffojfSqK2S2Q=","wq57lCIZI1fSQSnGMchWBSh8Bzpi2YyrUeG+QM6xJn0=","UzbZy9patxvN2hfsPruE3kg1szfOA7bPT32/M2dfPLc=","EjqQQZobSkBDUl6swzDlbIbQ+fwLsmB2j1FK/X8CK0k=","5bWx8r/AU95MdUibPrExx4aXKNkubl8iRG9IDEdx1uI=","/wkZdFVBvb8FPdaE7YHKDejILpdAVBzwIEu/Xsda40c=","85SINl9y6mCE7ONE5VHNyExzKun0qEgXfUX8DCuoeR0=","YF2U2EqIPeHrvKCicfelMkErsn2n6SNs4AeuLSkTUuQ=","xZR79fP5i+0NXh4WpskAO93YFJTIY2tuAzz+SusZA0w=","4lwD3O/PZBfc7YaZ3rTnC/L5c9Hd+LfIbyvqoR2d/ug=","rMxwVnIJwWgzdSmrAumpAlR7xKNWiFNk0WFo1YTV3pQ=","KjisHSJaKpnTBDt1Rd3yDXLg59+jxdlLrcZ60/0eOuo=","2ffs5sU6YkGek/t9Nw5RtbRTXWIklYLeCizuvW81Y0I=","d9j1LT45Q5esDN2mdLGFuZjcTXKOi/BLvC0b0Zl8c2Q=","ij0vUky5as2ITeeRi79Cr3tfilvbosQu+vuL4TYFyoI=","lgaLvBznaTwQCPXVNFZu1YKudWmFBsySgeedypMIh/4=","Bwg6pI6DaR9wi1Y4X3lraagKH4AC6j6Fe1+Z2NbouPA=","tSB0M08V6oi0ygtOg5lMuKzZXnny2Xpl/rOil69OSSY=","rJYhHOtvtXMuxbGY6awWo22OWvtOjFSIEchleUEcfQk=","hu9w/D9lTHDf4ibVwyZR4CtxvqYU8y+elfitZOznCqI=","zFWCvYPCclqwq0MsJiUM6ykp0rPoS/ju+o0IJaWaAXY=","fGYCmZBKHdOxbzt2vNQVWzmHXBoqomLD14SmilXwYEg=","EvQfmPd5P+1egisFiqgLp1TbwekNvRlX0/s6kseBXgc=","EcNgXiCzhrQ2e9OzcVyh0xrNKWA+jP/SP4sXC7Tzei8=","QVan63DbDy3FODjJapocg6GD6RSYwl0T449w0ab8bUs=","HDXzIoomY0Q175+8KaVXNF0lr0HTM1hqLqEQR3RV3WE=","03EekprSCf6GjzMsn3IvYXPKzl21NppQ6rhjDqLFMcY=","qE/uYwpNy2EvzzgaDrwHyWFqxaTPiZW0fmbxGRG/yb4=","+T8M6pKIDNVZbyjOxDo3953Ygw6hOIjrXF/K0BiG1ec=","iKFXM7RVcJuWnGfPaDeXnN/NSEYIzJIeXQ4q7Y2cUWU=","AOlkgwT/2xdUnFUgVv4/gFwpoFygHeilc72FDqsVQ04=","nzcNhQUDmgqZb3bjegcMYGXFUj64GMd6VYmenEvwYeE=","qtefz4QVG6zG6dHx3gWfyzol/bFR/JtEpsEfwqaBgJE=","fr7sfK0pxJvCfavO0Dq7VUOyzVY+zao+trAfRwj0IEQ=","BDi7YJiL4QTQQU9ktz5fdTVRI+qXznchPYEUaa+G10c=","PIqrrItBv0J+NZDTm3hiZ3XZlAo/mwXDAHZdJ1XifGg=","s2ETaWQh8YI5XAybJQqmxov5QMmVO/kg+hvjmzUD7iM=","RhAsrIMQ3ppxJJ7ZvZQXvyGlg/snMz4dEgkgkg9Sfls=","lWwZaMZYqYrT2xhze+l2pyuRYgRHo9hUE8DzdZUj6zg=","L+Z9rwxbAVJT+L9RsY9IelPu7AyHE8w/feLodFQeSx4=","kM5HwLNEYA5LfEWez84WM65zNDAf9kbjlx43rMASsW0=","srfP2Q/5+HypatdTNclDmlLoMY7ST25L4Bvb1mxW3tc=","hl4pZ6dLnu9fT4y3m/inQCF2hc0+3FTUtcA8kn13v/o=","GuhpR0vm25bln0dANnYhyrAZZ9F6ZOTXNiTdPiO9L4Y=","Dw1DN74bT4h080529fPvzZi5HdD6tWHjSq06zldfyLs=","IhkEPBkrDsQhmtlprVbxETumXYgtW+CETcUWh0VmeNs=","p5fUKUTet54bnJge1bzmaxWq0QQ/2XfBM7VLZzPq4n4=","/YcfBTaWnNJRuZKbaUBYt0J5JI6IchLi0t4EaGugbW0=","Dd2IVkGoHcqtpxxh+io3c8NwYXaIlCS7YqTL75fH3to=","o3JEEhhIqJFqToWR/qTIufkZsCiNHCdYjewvrg17Au4=","h9afmyosBjvmM6V/iSAcWDOLiKewWy22f2+cimeyR7w=","KwxN1dq71DbPfTh4LMwavh7Iqsr4yiA/+Je/ShEmvms=","Agw6vVNG8maUJXEaxR8oXZ/sr7Ip2eHGotcwuHDVKlA=","+9t15sRhTcKHOx6mxQ/zGB7sPpXi17BdAUm9DNDXYMg=","yqyArVsKCG/BW1GGnhk6TWC2LqDZvMsIUnMCjzcnPz0=","wRKLm+Xj5FDzTUCTZ9EDvKt/bw7qHKc+5UgTZiGJ6uU=","XZYQjoSQyd3OAWNDOxjopsTfGTFHQH7HYwtViWuiQbU=","ioLqa97NcZnp1Pf3KYI58bInQQIQsWjx9Z9g99iGlmc=","rTgs7fnL2rqKOBRJy1cc3KN/BABNJZbt88Pd5ScddRs=","xEE5kysq8qBEvbdWirdJH3sqEtnNzvgYVFMTxY5sKX4=","0gYSYtjwIqy4JGRS4BpWEMQmCkG+N2pVzL8yojNOFkA=","D6O6CxkLa3ebPRYaT6cAQj4jWXeuITvVqi1r90tk2Uo=","q96nE2DHO+5V6dTYAwhC60Y922X5/CXq6B+t+3wh0uo=","jbNRy7NBCTOTXNRBtp0PuhbUzDRRl07BEAncaTKEoYs=","Z0aYZwITrSLAy9xjnv4nl0wmwYSB7MryWdXyzWNb3EY=","eyJvok98UXbtRw72cfpxr+ObA7g4UHP3xAz6Slqs7lg=","ei02c9mVZ2OCcgfgiDqTc9hD2Ys05OG1zQPfWd66PEE=","xczawlYczX1xhZMGeYnWVawIT6/qkH9BFMdeUa+gWgk=","+ZnqbdJUvq9NWsdPvScgnaj2QHeFfhe4ko/oKcezYtg=","Pj25t1ZX1fpxCyHAzNee8jKrpxl9XOU0swb3l2xXI3U=","GhN6kiE8k1eq/bNudm8+QsEE0btg/KQFSXQPKwXzUZY=","luhQe7W/MANlvrMPd0f38vPdC7YpLMluO8SKlXcIpME=","XbVZSO1UN84eKbgUYqV2/vMgCtC0Ja8eOx4xz1//Hno=","Z8g6uTt9zX9jPB2iIdHFunhshRvK1wn5nFDEU8piulk=","jiXNWMrHkSm8SCkrVD83qx9J6mYlPiwHbpHzLejVCIE=","AST9Mb+Cm5VOGgEKvw7QPgE2a/tpZ6ZUeQGqjW+zS5c=","zagaN485jENy80vNbXqwriHd6GWqSbqYEvaSzPzJBVI=","b1PMr2wSlE9vMZGnwYHwJnerGre7fvOU4jXeYFcrejU=","FJ0QPvV1CfjqnFBOWI7ombPWB/J5xu0Rj54hLAw24mY=","SOMbtUYzgIbk57T5nkP0nn0GGAWimZQVCijbayBJlXE=","3uIkBXhKfYZZyQO036OI4P/z0i8IUKg8wQjYyWhfIv0=","OzGYwgh928hH/wHSdL54q2ib3RVF4t/BWayGgW25pbg=","mwu5EyweNSeNCsG+reKCDknd/gViA87A8XpQTG13Qck=","nQWCkHUJBqf3HUF2V9rEONa7lIJbz2goE3VlVc/+GUs=","c3eest0Ppc8YOsgkK1AHcpX3WZpQfz7MH/zn+cAQ+SI=","Ds6deaLKuMILy4RU+9pxW+y0Te9WtZ4fxDjHvWJpKaI=","sh83dUHqqiv8VL0Ve6a9sx6BKjK7ZYDjsHJabWS+prU=","BCKL9pLs9xsvdzet2GXr1xAFIngB/1Z/XNX0OYegWFs=","VN3TbOiqmJ3uyr4FHbzIgiFqJ5RlcV0eJNWGWS17u+U=","/w5F916lRydN0Nb9bg3R528Z7/hs6ddHkt00BBj7PW4=","w2Z0GVaZel5qxv505ZdR2lnFpQirMMtkxAnFAHcKUVc=","1Lsv3JjaNkEqQ1T8kZgkbBUtbduZuM+EudornadBFLI=","Tz2bs2Zmcnl+avlR81/1DJFzDaRp1w+2VDH66bprDNw=","QqU0Q5BTdfNp3fMoz3QJYe4BfoUvN2sboJelKEo15xY=","Zw6t8KImXB4eKKO+1csBfqgEjaU04BDqLKZBry2HafM=","1aL40f1aPDYNKpaMQaAHMOABDljTEyq8LLD4Qv2VKDI=","tgWYzLC4pSopAgLceN4B9l3r0ZJiag0PzxIu23fuobI=","VtJkz4aDTgjb8PCDjodDXf+UPRTq1iFZIzV70G8pwm0=","1hX0fwEO7KSHY+pQqv4CT4jedrL5jQmCrrVx35dt538=","4GMh0+5hvjGPji+2WwPQkrfPyaXQZl1ZsNqAIc8N150=","Kg6xUcqFH7mVAlnryI5+0C1xNEg2Vw7ybbTcXHrzPSY=","2uiJ7MOh5zvwp/xnUz0ftoI8BijoOuoShA3vamO/Nu4=","KXuflrQRG2nVYF6iMe/nZE35RPBMNCkD6h/NMVjeVDY=","vjKSRDFbaQJZUPukHfhMRsuqRsoTXK48zFeGTwQs8g0=","Aon4BPfTCNcwf5SBdG7Hg6x7ho3QiPtIxBXyz9rKmXU=","qVfMs1LEdWRiwqgYGg+CrzvPM4ZjbmX0Zkr+laASusQ=","2rPxtnpNSWtRlsTpgWPSO+XmzhiNmxbl9plE9LVHfdo=","U6+lca/azUfHO+pFwsFBVk46fAT8ZlJ5jzJwsVJZL3s=","b3xlhzcP+P6z2bTrN5zROjcZ+QWpixzC4U5hzzXv8uA=","O3OXu2s3IgF9jhXqnUoomxQ0mS7uTWNtI1To7e5N5Ts=","ScKrK+Ks9pGQMqoaJ4QpV5WqIcCUHidkKFMqq9weiuc=","JS2D5GQoQxsMiwKc9WNZ/we/P675uzTd5/ri23LUl8Y=","ftItC5vmMuNxeAOTVEi2qEwO7rjJMj12EDzs9NCQLyQ=","2uBLITjRz2quAhZX9KHWKKQT0UR2kxhIhGb2K+0ulsw=","AVM2NUTFVGdLBlUWOFfBRz9c5fpdH1S1qcGt5SvQOTQ=","ivgf1HT2Hl4tYjXhmqwHCCu1xvRomFvjIkuh0U3lBdc=","6r+5lFDiko4K0kyy4QUjIlfvT+AUUJ+lq044YQkEwrA=","RxAWWxNsd6JD0h09Fc6lBODJ6O2E7cq+2+6qQN2X/kc=","TyuAcaea8xxkttMhL3GSCvjz7Tp+4xRlg+17QTBW7fI=","K+VvhoWiVbFaof95ptyWwvaaH93Cr/LeOjnDyFrgJds=","xJu6xDbkOZKEVs3dWqiV0kA3Dm2Z8n8ODGDzxTiTBzI=","jK8kYLGZqiEBfwQyPANuEveeCHGTdw5BNkDbptjw6wU=","eLyniV0goNtjNtnbsU0qmwbTGkP/MXcWaC74Nv+UJ+E=","TTYJgrgjzusbf8EINBOo4CDo0cTcjwhoL2wVgAxIzPI=","zJrz02NFge3830qKj7mL8bu/EWridktyhaV9QCSmFYA=","jxSOyUxr9TWu1mi6YOcsRq0m4FDueYJ2g4Sz+xz2Iis=","YhlSTlZXh5vPCCiWG3/IgTyRWS6BVOln9TZ8Eczdbhs=","YRnez8FkpAuS2UrrrNOJZR8F0HkYNkNeUJCovOxSRjY=","KvHEFkQQPpWUAofGHkif7IvfAf4hzeG4cj1L9UIOZhc=","hz6U454wC3PV9CH+NSKqUoDux6/v9G+ABplaR0Djmj4=","XakUfwp1G2Z2K89yqgMwcapdDwcpjNAUKHbSLzU745A=","hrAtqpARgxHk3CjiQNGdURn+V6nYcfxg/G49a1B+8Lo=","VeRDQMVO+17xqFHJ4lC2A9u1N0LtyubsTdEQ50AJho0=","WJEXZ2Y8V/0cvCTH/as1A94QVdZHPnTuSdZVhGlNwu4=","emXdGyE/exSFGLmZz3r5YIYDI8afYV1UQSOxOymza+s=","KBl/p9Pik5+IJhpmRFf/gb0E1kc/AS0/DXDaF2GAHEs=","e/jclbnBOnyXVsLjkviwrOQG2+mPvILSO3M6b1nV1aw=","g18wRzp7RftLKbNupyZVWklejgg3I8VBVJJtR4fMEYk=","LapIVbq/FHVt8g+0ktq0HesBe4ITbZlze8/8Rw+hfNU=","PskPvaSLjo60EraV/Hab/+LKEMRObwuqlo/3sDO8FBw=","xkxh0RLAy66176fhYVlsKxLZLmG4bPeaN6kWTn1ldjc=","pNcbP10/2gyj/ZImwgd4yeWPjLilMVh+4x7yZmtT/eA=","Iq/BZH7y3W1UUGk4Q27QYo4zB0STU5oynXuIL671QN8=","SVw4qyXU8hxGyj0cz3MocdPVdRGDKidNBORI2HLLQt4=","8DOPMh7z0syj4rkud4O0jjJDbgnn/WJTR+xpq9G0PfQ=","ur1YutJB9AA/7nndf3XPohagA1cdzf0DkvIF163y4jc=","I5haCT5cn1qL46AlLB8KHjlHWtucNCSTpBDGRzukYlA=","g8j8nUeTOCvioTJvUHmnF8RDdZk3vR2mwwhXJ4yk6xc=","pxIElHE73u3dxkYXnJUb+5N7E+/dVEaXBsa6MtIVPqo=","tAF4Fg9ZXb9BlzAC2/Gah2Wq4azQfTbeN9noyPeu9A4=","H+hnj81TMQGmvxMe5jG9DcbBBwU1SbfoxMkKO0q3mbk=","nkYtNZnp3L0TE0nywfVwoNuRvTqzGJyeTCS5pIGlXtU=","b61icKgQj9nVYXehAZofB0m7nGquNB1EhS8bOxU+ybc=","UVAN6MamoHeN9+A05por9NxfzfTWs9aPoZKNbWFR4jk=","lFl5jeY5T3k88lrBPDUbDcgVRTw4qukiY+wQHeKhAe8=","Gdjt+G9N+g7iabHJiHCnW8Isv+z8v8wpUpSL1hxFmzM=","6F82apkDb0gTDPgwPEP8HIobltm6lWm1KK/iWAjFfH4=","LRvej3a/g+3vxOzrU996ClLNNgWqM32CVIgFZEqNOHo=","L6GsKAks5YKFVDzIY+iPihVgUUm4tMv9bkzl1PwGkMs=","qyh0ZNcVTe2vZJUO48rc9FqqLKnYtxc7Gp0dY3iVOFw=","JgpYiXi08VUOe1J+1/3cZk0JUw018Hdh3KDM4l1RWMI=","lpIx30/LUxMMQqd1DZ05STfMjOrfTvIoSHYNV1ogtaM=","CnhfHHQoRthNdCzXCtpNN1k3iBH/1QsZfHa3ZUMwDIw=","Dq+/m2tE1nRhHH1i0Pl9mXmiLc819HAZ0Iw1YtnaaiA=","/B2tw0QuSFdfqfAQbrI6QC4y6xJB5sIblazy28oQ+Gk=","OFuH9zzBGzczTNeJk5rTNz+FV0WX2EQQ+/AzzpJiO6Y=","A78j1fGxilYU0EcCAyyP0LTteDmnm0EVDzSuzFVSm9o=","UHqzIbSfQsQ7ZerPrHMxxld1FFF+iua/5/pSzvtd5AI=","nSkH5+b4VKi3k+HTx5q1ViQgMBjuz3AxrATANzTa8/M=","nPaotqbFVEx8ZIY713hVuG7lfCnW+tbaNqZfznH/2SM=","tLinu+qUKfg8EF+TQKMhT3LpCK8vidt76inhsogmcfc=","zn0Q9VEsyqMEVR8KSQiXi5pvu30A09X9dOZUpHCDOgA=","YIfnZshlPqgdYIlap3opvpDLnQR4vopxHETOs/+265s=","UgFFu3dNpe8b7T9wiihLDUd+Nz/w/1BNnkFbOid5BmE=","3cjY+evp3hrQEo+Ysma3skRQNXrO+4JA5hZMn/iD2s8=","cXXy+Z25xaJd1zq5k+IJXUkZ7rGP3IWcUeceJKZFYHE=","1I/fkD0C5vjg6+jGmLx5hMcjvU1RKjX6OsrHOHyoK9U=","bs1uQx93QjJ1sf2zKJLZN1rgKcf/9r1jtw54XEGZ/rI=","sp7FdxtC+8BiBZYEtTklHa0xZaYJ1WAwR94/Yg/tUwk=","3y6SPbxyzWupkkSyl6eCIc1LDMQmvKhCAzpsC9iJsIA=","14kmboVuVUjJtsoWKTY8bttuRGPllw0fTNc7l+rS1yQ=","RBkYsv3UZTv7pjXjS+T5qEHjMt605scnybzOvdutUgI=","WukRJ1sk9bGq58MuV2u6pn8z48mT5sAREJ75RwYjo0g=","KFnaZBMlK1iSL40LnszDROAW+qNDrqx/CVgi8rzBOno=","h6x5fDDTpSceKKRl62Mfs33tRHEHZ10mC7Xlp08I8e4=","cgtDb42+LcpYth5Pi6XfDkzlzr/fFLrjih1B3kDCm4o=","PDzwvDFWcyf8wA+KKZzG3MCfyQ3bo8r4xt6Lv/TkSj8=","u3yXJJ8U6jytLrg5/kc/oQeesz2bBESMnPDGD20CxME=","U/GNkUTjYyAxr5VcTMS4aewHUhdT6UXDGS/ZlHviLbA=","SYDJdJC3rJToVtuFXMEwNGIXLmXbVifPUJsBT4kpzRE=","X14P+x65PpI6f42QK5AlggBR+041qslE264FPADPNOc=","Jl2YpyuLjkYwOdOJmvKd7L/fgq2GCzmkpm2bYdOilFE=","72K1kFeyoS6wU7pOuM8Swbdy0DSo7I34ap3tmqWf/Fc=","wLFNSTwY7nN6arpCaQM0a0BK+yIU8tLigNQcTPS5l6E=","FTxc76J/R7XfmmCb94XJcGXbNRS2QF4Q4pAq4pf36hk=","tXmuhTa6CFkhWBPuzhh9u1N24k0LvG3usbKEOa2oTX8=","dySK3GvcdQz/QYNcDGYhyDyWR5gum1FdJ/4rCKRTCtc=","ipDPhddvyE8XirgS4k7uq7o7gZnqhQDtQKiEAGDnXLA=","tD9ITCTqYN3czvM7Pbvo1jDjTSO5mp7rClSS+DHxuWY=","flGpQVOwfRt2AoOGSohwojYi4Vl39mqjHLTLj86oxj8=","Luvoy0LwkPx9SqypsnZdKzI4y7upy2ZWG5GuTLuwgIY=","C5vRaTSKJtKHX49RYTxNt6e2s4ssk6/UNySgbaCGS0g=","4zVFVVmTXundkj9BcrbghdUxyRAqWv+Z7KiSoOxCgCQ=","w4XoHbX419/ZYwZ8e0wb0QvyZOPwc1hLktR37dPFu6c=","2v5jBSp1STIF9vyJt5vCWtaHuYcPIOzued8oQYTt/O0=","Dd7c/2FPdL+lXmksgFshKdt9p7Wl2UOhEDkhpnXMLT8=","1nDJSk5clOvDssXETGw7EafYMFP5xE4Ekg/Hpz3vOb0=","tA1kQ/D4FuchfDlYsmi59wJYIY1d6GmY0MNTJBhC3tU=","bgZjrxSpEOzqLOhKkwFkFtZxFnlELfIYsGXGQGCBeN4=","qX/2DT2/B4oVvUCBdAzyc3TCSgFp8ktRTJI7dc2e3AA=","d8SFWrn2nVUYnLSh7fIIFodFnF4U1np/3UjLEhS2KNI=","HJ5MYScLc9EPQ/sb/H06YaiDeCjTSAL82OJ7qroigBM=","a4xOXIKSS7wtUehIhjaWKJUai/WiBma3pQBGf+bS7Yw=","9frkjqIzaS9enLzHQNsaxLIrnC5Qza0NMQiwCayZavg=","MRUa/HJuN0YxqwVKT+y2NtkFZbg595x2zKA+POMH4Ao=","KmI3zgHqyomkdXtP5/FeRoe6m5fcNu18d4hnKt4bqFE=","/rloLlMJiVsYRxQxSl49yelfXQICsQaXuYct129/njs=","OmFobfsEgTUzjffvATaIgteQeTOPbk9NId0qNFBRosY=","I1NsANk8o6KsozJEBG7bxRag5leILTjZqs5lZGCkssw=","xvpKhNXtZ7Wyd2nodmIrXcjIwwbU3skTvT8x+etE/0U=","fhK34q/g7ISUyCeIxXY5yOPshjPJN+pBK92OwwFavlo=","a9KJY+9TBTs14olRburwOXYM42q1WtMrRK/dEAsl77s=","KKECujE3m0LA7ypR4CCsM8n4wTxX0rpnRoKdulu4k2k=","4+ep2oeR2mduYrjSOiF17FU678CViOiTagugBUAIOb0=","KoLjIYsstaVBfhadhZR/n1rgntpAE9WXsl46Vl94JVc=","ntxCO7gQsF4ozctzVdaZF2/Ep+FbnO+o/YgySH7Czv0=","ehTnmCgYfo7HQ4yLsYUhwSucMZsg/7hiL9Fl7aM8v4Y=","d/vDtORl7VK1Qzc+UZnQ2T8u9OXoZBqXmmctfLQAyNI=","QbMBqQbrwAH9SOcDp42tGfH5tsxE1MUalTySRrg895I=","EQYLqYe3hykqUjlwZI9L6Rlb9xnCv4KdHxFuntcO76s=","n33LIDi/wfLhM1S0w3crJdORJFtnbmworrWUSpjxq9E=","9hRFiwj8GVnCnJ/rM64JseQFD03Nwssji62n8lMe+5w=","A3LAptYWbMD7Oo4BbjKTAHSqPZ6T/82p1Kc1iDX+YiQ=","mHTfnOH9WX2HdVCsplW25rJ74QXWRJmL1G61yB9q1TM=","M57MSaAnvV4yW4CgheftHBKUs/DWZsgel9OUSj3FZB4=","/hGomaLDOhjOfjO+iLRZzxbzIFBfuwh5o6iSgC5liCU=","rYg9QjqEMAiAnhjB47LAPMHE1oIBs5zrI28mrVQJOHo=","pDjUJ+HkYb2+pAZ4CpylejpcEf3TBE+Ac7792Vi4veA=","5DPhsZJBwF95dCctd3Asd8kLKJkFNL40n/tSxruIS00=","RMhVsqaHVok74Ngy9bw/Zvv9l4kYRRWEkf5DpZCEwNg=","T385UmLD3BmHugG8mqephdKuY0dYjG7v++8yvC9dlOo=","JD64+C3eLQcPwi23FquDYLF7SvBywtVSK2K/yMl4qZw=","c9LsHkICgkivGf4gjqXlvA5AtiFlrQuTkzLHPidf9T4=","XcZQxI9Gsam9JeAZgGu1IDq2Hn01XNQhb2M/g0iafns=","Xf3FVXzw1m/K80J+kBSsxYOTwq3Ceqc/Jofh0s4EzrM=","Eflp716lZ1OedmxtcCnYWA7VKiP4KEboLSQtBT34nVQ=","8C68Jol2t1gUXz+n3xt/mRek/LhhJkWM8yIR8zGOh5c=","VlMUjXbxpsbPjXLYbf6bZS6MMPhXiteQkAhPJoKDsAY=","pE9Ldq9T9YxjQZzo8qRlLwXT7nXUsPBztVLldzqw6lo=","2jHgi+vnpkrAlayWSLdjTuY/SkVHeGNoQJTz1urNZ8M=","FWQ+9ND25gfJDLHY5+YUCoKJn5fan9YFJppMAEGygNg=","drL6xUg5DpOJQMMuQgHJkVzzFhVMuK/HSixlSH/11+U=","b2+mKa6DMcfEscAwY4uoNq8AHp8pz5vn6looNGr+0gk=","8mTlNZ7f2VnAEf0IlDUlkacOCCwZYvvuvCXWEZahMRc=","gwF0jm4mTogk2T0hTq/H3HWbcDDXgqITQ6yb7EkKiN0=","JBqGbxWPaI0A+yUY9qqZP9hWknqHUdXvsTjxM2WOpns=","00q5w06/PIMIj+0VsO9pYyfCutAkhokX7nOLPwnkn+U=","q9n7iSbNtd0UlNRqZ8Ko4nim+emf3nJOTQ+lWl/9ZC0=","Cc5JYyF9rh9Dp6H7Ir2GpRR573UNRFEmGxN62DmI93c=","hcKbQelYt6cvSsaSka+VFBHLZtiZBc6NtANqPSSP9Sk=","URfIQIY1VdcXAR3wzTHm6MTHuGQyCFPXNAJ/N458jBs=","KRkiwArp3hR/RGDnNdpwPBKXc9Yt/5+3AVcmMlge7NI=","Fc0x5rg/lui4mirt/yt6WlMEb0Q1+0v8BctTwTmWJeo=","83NUYHIpWsl57E8pN4lZHfTgwwwH5Y/RcHAQDKpywbA=","jc13hEF4OhwZqsZglNWFezJ0JN+kJM6dyF6X+Wla9mA=","QvoBrB/6Izhfs2V71WLe/Dho5EIZCTa9wWa5FWG8gLU=","jAL3nVoCtbgz3uYhqDhRcxhf84W7oUp2OO4PuYjRgDk=","tUiBsxedsPvdxFztAf0+80hgSvDZ5pbcxL5FWyAY3O4=","75aMiu3tJCtltpbBMGqzyfFBSwMRTVyPedRrZOwK320=","r4ezZtYiiPoA/VVGexPdna7Dze2tHVR23S//bWzCZBs=","QCo+1DM/H3Pj+pYxeq7avQ6XL5fgCdfbWa65Bw/kE5o=","RSynkTchIP+5jq9ZQbtzH6JL2b/oDCpyF5dvzZKUSxk=","VAD7Yn4CKIFkQexicOTWVW1FA3HpD6YtdlpuwKMdW5c=","HgVChxTVYjSktEWxgOvdsS0O2GpiYLwlnCCl9UElZqc=","TVPkgRa5VFJOPIYQ5R0YXOhMutkfBNbE+Og6rVqapHE=","DCTmeyFXcrVHFNm+ZgddSzNKmlFrg0CZgCKGYBSmQiY=","dezl5mLki2mxcwz289kLE7JzHCDBrQS2HEgGGdl3624=","4cLRHKny9jxDsh1IkPBW8/bwVCJE0RGuZaze/4WINGU=","ycyfCmPMaRDqKcFc+DX20hbUklXrHu2bQaSxnP8tSFM=","RYqC0NmAKE4/Yf3g/Tg0Va6hTdfVRBYjM+G2dhYLcVE=","A3zKhpG7KusOq0LQu350Mq+VBONJL13kIZnfs1Z/7ZE=","QIplOPPIpARktC2TLG/W6cCReMEEDBjYv2j3yzvJcMc=","bEA4DO5mEctKtDJcAR3YIM3NXNd4KQ/EdzHxU91tqrE=","a4fVBd8qLhFJuNp6Kp9SQEoBGxIsGVayrs9/r7BDZXo=","+1Uc0jhCnXtVDzOxDd5p+mkUqy6LwKSWhYf4igXxkQ0=","j+ZmTemi60F8gGUkgdVGVqToTr2zdbpnIXWdHssQtig=","NmCRoZBXQdTT6NEdLKCAM1Psw0lwmt3veSC354BeTgY=","jofmX5/IJQsPrlDgHFNC4UYan2220zPXrAJLSec3fu4=","exlxLQjE+jd1whbAfEj1oOu9znyzfNJk/zCWQRMoOuU=","YR3Zbug+c5KLIitllcvrmuv67NytXmM8qlZABPvPhBA=","HSgYx3cqdQp+dm+ijwOl4/uu/n6Vb6Mzml9bKlRA1oM=","PnDCeFyiVe3QeAOQ8Iy2yZ2pUGk6jh+X9zVoR26w/Ik=","mq7ZLRpI7iVneb2bs/5n11BvcdzUCclLvI7TsFv+Z90=","QgAm3HwhMhKoLUyqvV+a87COVCaDg04R5abeX09Jd/I=","st48P7L8Py8bS+qO3i8TpBQSJD7/vMUAdplFDS2/Q6Y=","4213lPUvCh4aTiJfYo0UlYI1ZotCziDNKZs/B6OgOTo=","6cG2tlQXbjKrjQkpCOhvveD1zqhA3auYW3aF1fxMKbs=","RHSrjERdlclZKv/f++lzGyw2RGOkDYq8FCVah70U9qY=","AtKZSz7QsWSxqeR3JoPMFNwgTCXJB3jBiXorMneSe90=","/XBb8OB+tnjMDf5Gfe8vBOjH8ciTgGWueW0Arj20SRs=","H9yT1bJArI0/KA9CkaXhwpnZ+zN0c8hBnxQVBfUlQsU=","QiqPTL0HQu3cuMqMzjedCjiOjur0COHUUALguuV9sf8=","/ep7Nmif5NqoXmc+ZDbhexePyGLf8RQOXagCgOliREE=","i19JckL1uRVLh+kHFPz95MTGa+SbWkQU2bCoi8ejmIs=","Sb0XpMhxktd9WBShpyg0mgUGq9U8GF31M0vCzCWaV+M=","tHIPx0B8vporyg4LTfr4iiWehbwLXxOOLMJyQarIN3M=","XR75PwjZMILhPAVcO20JHxOf71n3gpJrlH7lUjAUURk=","Q2InOMq9Z8hb+zHaSQYbS2MeMTq4DPXCYB27sjMsY4U=","/K39W2Hr1PsJBYSWGQkuqx5njQaOdMAWVOZf1L5mMBI=","AMG8dDcG5tMgxpDZ3aLUvylTIzZwZTG222jrHp6iMU8=","F21HDTflQ4w9FmhchHZK4C6PKS8FKnulXT6ClR0zkm8=","AGZwwC8T3s8sfN33L6mYzbrFY6LTsejbQLpJAP51c5I=","wUAurPpEXEQhXfqXpny2/EtweGsC7ngsJGWG6k6Usl4=","f4ZlbaLZLxkW+YyDp2nswSYGYsNwYls24sAqG8TZuC8=","cA7rhnDuU7gjDG8zFROmx0XpJvou5ZwqL38rGoZnxaI=","GKg/t1dL44BeZrsqqRq5reZcsBNyiKVce26ghvPC1eU=","Fc9ZJeRy+a2VDbagKGRvbQFkXWwq0rMGJ8ON52ZhTJc=","T9EWzOG1TH8R4YhxJTZzLKh0S4fZmJFGwSa5FNGzJuU=","7kpPuA9LdgAOFki5dCxPX26SzVw6FbkaBsZfCXm69Vc=","NcUO/fEth33EhzigXUGZlfxO684b9e3HVW8hSk3Yr0A=","Bw5ibsrdPLKD+wOXNqb1ziIipRC/dMiqhkSahHukfzc=","fyHitI2g8MvBBYn9CMpZahA2qI/9zXr56BuPT796h4Q=","iP/cv4AW/XwhVfwrx8uwZzxwGZRXcWhrm+MCkwfCjTs=","10zdTkxcVv6sWOEi6PFxwNfPWvAYF3xb77jXtnVqtQo=","J250lssoZxxv4Os7rZ8hYW96/Y6+A2GUDhx2w/BCGfs=","FiKMRSoZIfTIVvoJUbHbypu+UgqF1t+ibWJqvE15afk=","zpbh95kM2PwquueMFvIf+5cXpY2oWlVd0UiKCvTNDe4=","yX5dKCbwNeFetQusajBdhyHEIhHhrSpdL04n8NnTXaw="],"block_size":4096,"path":"build/parseHookNames.chunk.js"},{"block_hashes":["wl0TsD9erljKQ63+l1Qa6ZGdPXrmZUlcuL9IFcO5RRM=","34ibPeq9+gJ00TMw41uqqOxcqoez8qfCLN2lz60dvuk=","J9etM67FSH+7tU6SjljhhcrCsSaIIKUcG70ANnlHYic=","sNNh89Q5qg05UOB6dBnMC3xee4sf/rdgwYWSOTGquOo=","6/FmM+D5YO3P9SafDUUxWlZ0w7h+C9nR7azSQAC2/y4=","ufhV/tWjTx1+unDdQ84v851XA5B+ONozM+MnBfkYyeA=","TWJH5bAHUWykvculSStd+YGXhaR6+JdYqBQ0y+uwMCA=","BjngZG2GuEeasUHSOc4EY3ipnI5xnIyokttpcVUQhcY=","gB9uC/YcupygxTE8wscjHM2vKagglc/PeZs4ZoW/0oo=","occReiaCGHXt+eh20gJUPW7OAvnu9f9YGwCoEjK4MUg=","Quo5R1XPGUxAWwpZThoHCl5mh1Hez0kM5C3MYbZug9U=","A401oJiPcMUGesFvtZ2+uaPIApg1o1yYbiahEjQdCCY=","cllZmWRgoHP3pzq+J0yR7x7OVZp0JHbHO7rOs9pINGE=","OJxgA/dF2RuLx8VVA0nid3M6dv2eA9hh6V8XR26SsKI=","Y6LA3f+ZwvOh31uDPylFtb5FVhXGPpnt6y1J9/hVVM4=","J9TjQepbHk03UxPs9byI9sg75KqNHCb0Us20i3YRIK4=","ujH8XbB/1sszl++NVoc3oimNk/B4Mf7u3ArQ+oVDDcc=","vdGuJThhpqJR/k4JysfH9LgzPEnqu6FmyRJI1MplAXI=","ljFCihb0bMxoYnr4Ur+HGDmf8TdQg1BXoO8MeYAIs7Q=","Ou/XewJAN8LoWuqeIgQsu0pdidCWC8atsYX+PYECyyo=","DJVByKTaEkVT9wNlx+YW5tWLAPcK4kFhxFtn8ZjszBk=","QnILVhjZDdF7jCwEnVtrN5TFHa8LnDMtER56DZOCd0A=","5LvXf1tclDUJD9Oi3zjRv1lsXNM5LNXdqiHShJ2kcZU=","h66u5Oe84HyR8xlC6ZyDn60oJ2zBaf5ppZEW6aihjuc=","pg+DaMgMQub5moyXzdjxHYHfDUV7JrjX3drxaxRBgPg=","B4Bgh1WdwCb5XN3WG4emdTPdq46Du79LNjmG9xBmU6c=","96rT6j72cUx4r35W2MqmoLA9wrtAuz/+5iCJZkmBtzE=","vWvvkuEBVbGzfYGljmkODykOf4942cnlin9Ewf0e3+4=","2ymoveNZ9hHDPHIP+5/NiBUTd6FDa6ZlhHkyIztiwYk=","UWU02Wz5wIs3GtTZGxvfxTvghzF/9PyrfrO2LJtWNTo=","nCQ95tCn5K5WTq9ZrSGnKHf0btRSvBkN3ydjpH8UXDc=","LR/t4d4rHbrc8IgmRXyzb33dkafzR5FSp5XNBiHBQP8=","J8KW/1OmXJoFaZb7dofCwPi/gGBVadLIvhoVq+QBYFs=","PSkIeYym9z6ha2dqeTyGMfYWxP6UxkdR8c4uY39k/J4=","7kYpJw0JOnHNmx9MRmzT3ZtL/qNKh820vjtF7DcSnqY=","lC5OmufPs6/Xq4WkwD7G+nrpyk8+0VDrvAwBgrjPVCI=","HQsAopbDn76cTB5/Fo4OyfFA4HpaWeX2hxbA72o9w9g=","zdHTXkItmjm3D43TZ01VVONXaoTM7Ug5/ZxWcRGxXGY=","8zG1VcO/JL74easeU+G0KGWulERlVMhsn+XilLrpiVE=","v/5maDcODsy23g3m+V/2X4AsNTN8mz8r5YgioUt0v90=","kjJUI0YusqvpU4+USozg3OOd4jQDqhr1E2wKYbuLGWY=","CxEbBX6DS9MQowwMOcORUj+Vk4sc+oA16N6SdxUpR/8=","PCoCS1RmKg0+EzCXWGku4VRvgx0u+xcRnO0zGUSda+M=","n5t7/Gh57blVO7n1DbmQJFtOcHZEuvQJqJELdArXiGQ=","+YXxcuelJbjOQ8+yxYlGY0cLQP43z7a8DgGVb/dt35I=","obkWwlAXJ0mI6GYT6CQVGH3vADo7Js64Vi+HjHvoO9U=","PbV/DTRpRNxQpdT9NSGb/50NcKGEBWB+pHGmzS1t3zU=","aJcMU/bNETXo+EJIopfH5m+cGvujd3AL1mckdJOEOIQ=","fkamxTQ+SP1BtQA+zX79DmkYSJB3DF9pUn9MEMTXQRw=","Qi0i0WaULdqMO765iSzosr4+vWJsvPwaGrPiPU3ycoY=","RC3MUBqlcbU/c9JR5Cm4hes/PPambzQjgf5QomCss2g=","fz65XCK86KmsFSStmlNgg4PKgkJKedtQb5UT8WBx8uk=","1CpJoIjUSK9ngkE859Zcd+UKhxEq3VuWN0pD4ckNKnA=","B7Z6Vau+NvMsLPL7MQgRkBwfbFo8MLtSF6jbeAVw/yg=","7EumNpWqdNSuHcieVNSdphYeOSZ8Lv+GCRwwg21Afhg=","fJZ+xSZMeX4/ThC8fb1Z6Ncij6CZgWEVk7nECiembdo=","LnWUxvKP44KJT4U9++y5i/m6w4uTF8BYwYgZGtCGrsI=","kGQlDZGwir/oda4blBYNpywxaZHdRR1eR3tIJlECe5o=","g/5hIUlfCmH9PfJjCZ2+Hi0sVOco5KjQUbf7bduCt3k=","5Z18fBKaMcKX+ung78Yin5gF/jzxAdaObqeyFF3BeYU=","E3hBikPoBJEiqiQLShf2D2G0msnC0BU1PxYSKT1W9XU=","OYNLMANHkAZ6jUGVvPie99O+emkjnvOkvXciitsryUI=","k2TUWc6KgefSifV+kV7eq/sbXRD5O7P3oifLy7UKBF0=","hJFWO0QDHr14igGuCigE9kFJMv7EbhoIywcs/DIRLjc=","bg4MWDnZvLSo6sgjJeaxaH0Y6wy+dgq/lXmAeY34NXY=","Y3jyvPaDI5t2fs3FmrForHQyZH/wRsztOWJchWyyJSA=","hLVDoQVc779NnzoPMjrLQk7rcgT3GmmN0eVFgHzoaGg=","s0ht+V5kbCxMWH4W2lmSh374dauouayKA5a/v0JQVaM=","TxcvdtrdFKdLipBRBzEmYKKV3VVJALGiXZnocrycdH4=","IIgSTb5hSWpkTj0G75gGrqBXdykOPuOShMIbDMN/kXA=","MhhVXJDLKbfAVYvrJG8rWqLWWm1ER1A3GeECEQU5mvo=","t/jkobUojD2YwOGQPF57ph/vfOUSGfiY6Y7RT9UFde0=","p7z38BuRJ05bs1/oGiDR/7xmWyjkRc9ISou9B6cc0K4=","XfcHHfM5/LnLAIXcJKM0yoaluiURgVvI1NK1FIZJjSw=","oLU4KXj7BrQQB4nHPrfFE1TdgTM+/BZTl4lkBoY92/E=","B8uanK30FCojYMoB0VMNqq2n0/YlxrC7nDPWl8Oaxaw=","+SVj5RwuTJU4GObpMCnsPr9q9h/carqZJzMVaf6RLl4=","cSg3c0aw3m4sWrMyyX398OivfV6Ga/F0DgAj9Pe1tYM=","BgB6gS8W5kTbwpk5XonLf1Y5YsDGSb0JRzwgh59ii5I=","ZtVbmmg4zvWh2zPz7xTbLlio+0/+JaBJ+B2J2RcCvek=","BFPOHHanZr5OO/OIou0KJ2wRUKRpf1pUqlpR+v6vaos=","EZmO5YV6flQxrRibvdj4DEyx52t9feiSgkmmkwNJc0M=","2rkpQ3xJnZh0RtOc99rfYiDlN8jfkC31msexXwxykQw=","ofMUL+ZYZsfEWFEAk9mOM8wtihpz4kVbS1FD/PteD4I=","c3sFZk24kbO+DzhBqNM1n81Cfpx4DHyUeEoWry6wj4I=","ntpwKKAsm2fmZTL0arDkXl0q4fxKBdtWx6mzAVrgRKY=","K3B/tPqphAngULy1Z+eXnJIV1leI23Mw9E3IdAdRzfY=","4fMcxMP0D0yN9wWO73T4lNf6QjanLljZnmAh3acAhww=","OVcK5rkI1tFM7u1khaLwrojRiHfduvI4mBfYQsWnIBU=","V6eApqcqiVddpVfZi3+0JrtbYe7dsVGlEqtSK5syNdA=","RZS62apL6toy660bLDUyOk1FsnCt41EZa+xkVVAq3Vc=","lvFKxZj7Z3e/h7hLr3nL0lZKX8yu94QdOdxj+BvuNeY=","YT/e8HWx+C0iiYs+QHMOHZHXwhYqGhyblCaGYAQAIS0=","anlmXrLDpuSBOi6SAix/h4eUbjlEKXzHa+iOxmgAneU=","RMG5qF2DjndPaR05U4NfUEEPnDH0JHVO4RUcCCxoePQ=","+OX/dexVFtO7b+vazXmetHG1lXFPpr/TJc7Q5OarqNc=","5sq9vN/wlzPvm/gpj/lcBjx+OXMY3EF2PerVzk1x5pQ=","u/SB5i/AZjh6R812wXxBn7wULdOLB5hFwZCdbh5EAho=","87Hbyc+8fOmDzY8JMEjMdUNqb/PmpkmEb19Yd7WlOFQ=","SN2Ph18/NWbOUt3HAE+qATWc3m5+aywug/wAwGzgzHI=","ip/axn5/1+u3jckX/C/hZunYHINej0jCrjy6h3yF+Kk=","WxJdA1AWJGQQXXNc3vBGJD3gJBmhmlTdC5mvxQuDW4U=","7EXyyZi0nef8WIf6L08U5mvGvy8SLVFvS3i7II5zOuQ=","z68Fb/ko+myEITnhIuSWRFdVzQXY18zIMLkiGEwtH3Q=","lE2UTsiiUx8QN6yyAyRt9546FfgoTBZjc2jUIxDmsJA=","+yqUlG+b8yofRx7l6VQVFXRjGPfqsJYV6FonWzEO9nU=","KuZ/PxLjy3ccBWSjl1417Bd/JSXJdx0FSwbf8GWZh1w=","qh+NUyJHWcLPIO0unUBFN7++dPb/0MMCv73oKR8aOD4=","X1BlTbKr6v5yWxPDtHzKDQx3ZDLhTs3dnbe7IIKK1c4=","rSE5EAiA/fvHiAy73JwURasW1rsFmQhhp5zgnpQpnPw=","lDMuLR4VpsL0SzP2VA2GBhFU6gIqW4rICoFIxPwctJg=","twxKlEg5Wyd+G4/1iXsnZ14SHo2nxB+n76zPTVDpiPY=","qz1otj0OM078rcBU9SxNGvbKGlSgB0Mp2Tiydl2RKVQ=","1mT6r3oCAF/c534QOiwHbBCuK4P5EZRPELAU/RPItok=","khFMPgjKkJUupQ2LWwQxNjnA4lEMMC0fBhZNW+ieoXo=","Tf6I7iMKxD/3V+dKUickwW4lma3LjIvMblOfZX7a2U4=","gaTiofisOWH6xNgGT3LV6TaUIj3Ryzun40fwLKMux+s=","hXnkkcMi2p3Wl/3CU9G0RaSWBqVZn0qwmp0I+5cwFdc=","zs3yp09kd60nuKutPs6g5mVtGjJNbuVaKb1r1u0cxCk=","E6iGre5GHoEMh7yBnGebFWiiAGzSv3JRP7OYLw9VX4U=","w+4nvJD4PybogfnH4SaLNPI2jS2wMEExv3c0HCKh2GE=","GMHQrQA1aUuj7X5PiUo6ZnuzOTrBzxqdAen57s4BFPg=","PAsVwviLkACWgMKoKmFAxi9zBkn6sgEGaf8lIBIBGks=","Sn/tgj6DSmaWg8ipSqZwBbRPO21Dp0kjkyH2h/rzDYs=","LQImgPTTRO0o11SKc8FOJlU7tKlSKSmCWfe3aPvehxM=","9d4yzkRxmoGd5CndQCvj72FUoIVm/3yRWo0/6hNhYVs=","C4mxNh3pmVxnpi7jGTv2oMn+1Us481/+4qxXH6G5Nu8=","PaMJFRlE4NYowS4T2JhbWossExebfUedEmazd3ehTMc=","Y6mp05WM/QEfEHN3+wlCjtiApSTckVrvTamXFmBZk6c=","mW+Uw2+2ZRsdvEZ16eZzjsmL1QEGI8eqV9+oQ70oH8c=","u/BDO8hqTeCEER9zD9X+Z14IH0QgMQcMWgzjDfKeRkQ=","no+dpYaxPcELNyFVJfkIDwtZDd3qq7kMode1qxEYDyE=","c++zl4WGRD3+Le5HNKuhpusYrT+ZHE0/SJmHuS54L+0=","pXvXzsUJKQbs3+z31+ZqOwOudCdPbfitNEvsM13PCBk=","cdolEMViUfu7g3W6YjNl3EySaDkh6cPfbDFoifXE3hc=","h6ucA4G9Bt0/1Z6T6CYGWSz0dcDifDOhMy1EJNdME3I=","One1z0m97QKArwlV5JFKAPlNpEBuHqLQ3L062P7QcYQ=","0jzuTbLTqwYMJopNgCaJS0SXRkv4bfHMY4kuTFuVCX8=","G+AyKHFXNG5SfKpyltzBsSNSbFgHGX2lERw9gZ256ec=","nIWOsQlNvxLpTEBN2IZEkh9NCP8sdLyq7EHZdjXIgdg=","244rPa/ttSKwdUvkgL6eAK6yIWHuTJ35CIs8SVsMaw0=","GZjbXBcaj6I4xiQD9RJ04worKJ/41FJsu2Lor4oHAvE=","JA039ICHQ/hhuerfM9vmXpfjPRcvFSET53b5fTnJS6A=","75IAAV1Acm1K40QNxv9f8sGMLVq9THQXeS9Z9fQJ23w=","9Ms32E5TLBHD2Itp9qT5494bu2d+JT+PVv/Kxbt7BWw=","O45gx5RTu/0onjgjBvVCGH0aZXx2ijNuhFW9sGkIth4=","wJFVCwH2JcjaIkwtf0AoJDKSLXlsH4+lZj9aDPOaqWs=","WB6V64XQRVfaFgaWSzts79kmvsm3uCWlXVhQjN0zFzE=","PfA0Ns0cAfKkk9JBunfBZy1Y2ajhDDLcMfZuJTbjFQA=","SNV4W0pFcynRsvu4p1D0jiq6yeHB+ShMes65fi4ZxLE=","nQR3B8e/sPmEybSnr71vj0cP217GUEY6pUcXlhtJt9I=","DKcFNionENZHj13mExq2uEJIlOiAp3OBMJaFWk3v7+U=","aH7TMKtOTk6qnVzS1Un2Id2RKlc1Mw2X0E4tIr/tLIs=","pCtTIvOOiU2kzs9A5uVrkV1/auEVf1vYHqinLULngho=","Dz6sDJ54XPQ1fEElSkPuXUaAQIQfU9HQjsmelFOSHgQ=","/4tJaiwHVE29WNa36CWxQXiZQxeMNQnUVtHxjl3tFmw=","okX9ThHfR0PNr3ZLVtwBu+HCN9MEa8o1k8GWR4EkxQw=","ntfHaE9IlX0E2Vturp5LBjTuy/0/VpkWu7j8I30D0Tc=","6T2O5Zg60VTPcoifFjbKw0E8YL7QgIpy9uCnGm8UPpg=","QxKgaMIZtTQX+wTES1zzw5SNtnIx/NqbzrMNrFw+Sow=","n14EFu2RJ51lUh4L2AWfGBM9qy8v8AIf5IjOpO4GK0w=","xq8ZXxeDqQK3viVMN26q8e1tNanfZWKHizNI9rZxRDs=","XABZQZOG3OKv38BDSTzC2+JvKO/BqMC9o247sfq3gOk=","+zqtRxsySyj5BQers9RhxP0yrqLgswvaOh4OxHMaruU=","GuYn+aEynnh+YM77kNo7X4DLoVTdQ0QzcK0LylAYLzE=","KS1OB2znqyUvdjGIlWAc6Z1wrLu4JUJ7VW5t4nlaEh4=","+0Le5FA1Q5TSCd3/DkXNsTlDIWXDOKYwNG6sRhyHMvA=","b5mPLYxnffdhICOX06rVSCLJa7CxcWSrQGLFE/q8GXg=","7WITOaRoDbEcT+34Z2dyKcoBqjp+WH3RWAGs/3Yf7Q8=","M7zS0svumHr6KnzySEtCG7BdEuNPuM86aBAUCTdep+Y=","n/MdcTHbsecpr/Zrf3SbNK65mdrdGuf5y835Q/FzD1s=","h2x9Hfi3v79MtxlP7PV128KK3VCrpd46fDpgvhaE85k=","7GvCV9FI8yGehkiH7TMyLBY3tlvviHK0X3Vf7EnLE7o=","BhPIwcVrMaZbiWstRRc/Uw2qahqEf/uLFYMmVp6cPTM=","ta0fFT20UbDK3V7nzrWFNEKzgnvgEMwRu+3NTSucInI=","ydjv/aadq3efVvD7i6ngxb/+dN6Vy9bt2hti5DrKpMo=","lKY7FsY0jZgh0qgqcucgGF+3YFH7OU39pXAma5DbCnM=","YEkks768MpN0EHnbDd/Epl3BPS1PcF9T1YRNEbmcDFk=","fYgb1nhQwCdSjRrjpotREp/hxDLjxrkOOvydXrADkvI=","QJCL1mI4XgO3c3MwVlEKR4kLzZW/5gwHBcnLryuWSog=","2uG4pNv6JPXJ8VQn6b5AH7tkW4P0qMOIEB9Bc3dH0KU=","OJzelzOHqSOGAUd9oYN3OG2fS3IsIDdwjJJwC3EJcQk=","rXEdH+aFoUseR+NpC+JjS+7Pmsi5jQQu/vMYAlKqznQ=","oxgKFtoYG0ufuCscI97XzFhdMcXjUpIsYk5GcDTvga4=","TU/joUZ8wRHxYdMgImzscE80RXckuDsueYePV/zXMOM=","M63KbOEtinz32n+YY/lzE/rn4XKSMyoVpQ/kIQoKwro=","WXOPOaokkBpHWVMe/ifyoSaMejkNF1COsiUB19oj2Vs=","8odAr5HFgwpp5RqPnASUZ4SsqF7/IZye/fgsB0Xhx8k=","Zw08mAwd+WvCypp3qxjQcWy+3WNlZTMuA8NN12pwT+0=","UWenxOeQXHsQ5qsiT82zTqkrnt58W9255gUa8f1Q1eU=","lb47EWngKSEf4BQRkAFqM4MJMLogXR0q6oAJZwnjNk0=","OoxP9gsS2aW8PZXY8ZO6EF7NadXjs7DCGaXD54I53O8=","yzHRSKsXd6v97zrm4v6WSazje2JhQ3NlwNShSxp/64k=","o+V67tZNCILhNzYjU7LHmIKBB61rnE2OeWjNlimQcRg=","O9dXps1ilhyGm96RT4eCwtLj5SjkaY0TIak/Au2qCFI=","OlyvZzX/rP3bSYJzXjT1//kBGpaxVGjuTbsgtFEPOBg=","0tANoywzOWtD2t9/4go/2oVpI170j6qwBE+/C63GRDk=","5/q7Iv0d9LLv3/tkXNBdjmKxiBa0xDzY50+fIMw1N78=","RWGo6JknuM986sI7hPS3ZUYNhy6o99V+Cinz/T7xkF0=","UXWdOQdDO4kZtZr/Tm36kwR5cnJPL4WeDKxAm8BafiE=","lli7HUHFZKJkCzrH42C9W59I9gVnYo/87lUJ/hXBO/c=","hNqFhlu3qchuawM/vC9tFawO+cpEv+fWZnudkzyOffg=","5RXzEztjkmU/kB5fqWdcmRugofeTtLxJNpdnj4LVFmg=","RIIuIos1l8KI87lP6Tqs4nbwJC70ya6OKo1+3o0pvRg=","Cy+kLuRHoapypSQI8NLfwQZSmJ3qmsmbl5oShUpeboA=","TwoXtnmk0+VzlErVsu5/9OxOzPbZPDfgGgHBtmTrZf0=","/IH2DihrnfWGOUDWzZJ41lcLXpP1zjDpWtzUELOXiC0=","1jconF5+a6GEvd34aPTQQ8tYko+BrD3faVt4/HOiNCU=","iS3vWDqT5gMROjJyfxwbrNRz0V9Gd0kZwlbnVsIE3Gc=","U8ucADb/bYEiCZYdgHLkVIqteqgJ+IsYWWRLUjppmGg=","fgHPMz/8kBXJ4oi3JWma6lkv5/sdThrZOAKaX/QhPvc=","bDxV8flSveQqnsK+zWjmEHqMSIx+t1kMfesCmUzBr0s=","l1NotrdWIQsa4plrkhdk28PwM34LLAaOfZBOSeY9M3w=","QsKg6RtZDX1Et6ES4gUbH76RwdP5vWwaYnyHRZ52pfs=","aKRh2jQA2/QgxjuYEWBnM8kDjew/rNVrde3EAVznKhQ=","znRh0loNqMVq2wZuW4Z/X1haPPJQ1wJCewWnzJys6xM=","KJrAbdUg0oQEalOMZ5Lde9UwCeDZlOLkxKP6l49czsc=","7rJfzUe/m+F1t1gb7kQ8ZiSEsgh3/Jvcz98UrtmlhSg=","CBGLIE1qGUpKAsa/Xu1Zk8u3tMi2Ads5ZNfLWL+2Ssk=","T/huLZuJBZNPevWzxk9X5mE6xLB+41aTRM78wh+TXYA=","aQ2j9UQIgrMR92vShBMKbKImn6Jt8OoQ3+SJZm+FHgo=","oDcIGqzNJJRB0ehAnof/kqPlOKK5MNuXOr/zV/BUT0Q=","QhBV2kedXDajkwijJ7ky3vN7Fvuaj1+q8FlFa6tN/pc=","wPDb/3ygfbXqdf1OETTdXnb2N67lQ57w7oA13HbQ3Qo=","zA/rVrt2AzvyI6mZg7aLUR/sa8alHUE8HLbPCGvNzlY=","RGMzsskd/S07LNmKgJkMnaiMLMgncuxPBg7iU6S3S5Y=","VabPmovWLOjj5CB4AaHwpaBRfwCNis8FaGIkd7nRGe4=","nu4yMlVWD/oBc0BgtUimnRwMvJdgQUx3mo40PYlJscc=","WoHn0PMWD/pslvrJeh9OMn6VW8D4mq8BGRA/tT/pZ0k=","4VHCmq8ldsgYYFicDSdvp5yrsPrVxTNkSmqgAtum8qE=","fhkTLtkiB77pfNN8jPsxniS1xRZay8zTstphyViaW0M=","QbA8MI9IYg5U9ZJtCWRiuD8scdOmBcWMhNwvmOmXHEQ=","41JFzzJccIHx9GN0pzK7YTcC/tjqFHpYubKWeLrwhSU=","01lDu17q+YB6pP7ghCegQcleEhqcZHLm1LYrjwd6I88=","Kpao9gGhX8JfPyCP7raeNOvzK1WDxF/IcU5wL1fZ1Wg=","R2ax9xOFtlebtSPUnBiDAONDaHBOMJuG+UfTOe7YBIg=","Pb5wm+RjNdT6wnUk7tXfxr1mpeSJcLl4GOB/dB5lcYo=","M8mZOY5ZYpcQnUsslkWfdjadQnga42Dri2hADuKaK2M=","Xcz0IO5CMCpfAujY1fx14Zz3ah7tQ/HSLVDuNXSaTlI=","N0c1PskeB9oR5cb0oPk4Q14XomqaoP0JyVILv6VYOC8=","nWX/w7Th97oXimJq6MAvO0VUvd5PTEWZWHLD9oHLaIw=","Gul4ytRZ3H5Nn4oEOZgRuGiU1T1vIv9VMiv8k00baMI=","pX1G/d1Wj5NjH8iJbpIBjgeAjskGHelnbTzjif0kYos=","SHKUY7SWsUTH+GYlNW31gunKVMii+HKVvZ3tykD5ivk=","OlKV8uHI/lRMPpM+qxBlw2FKsUJUWHqzoFYP75klht8=","Q+WTwzusfC20vFXNepvuBy8q2ufu5ad1UpUH1L3y/Q0=","go6WCva+3P4RQRB/4ex0mRV9Dk3/sNKBjSfn3lJHyCk=","KV7HS2mf3orPhL98BoTIFv/n9cy7K9FnxTFjrUdx3Og=","B7Iaa1vTo59UVYGDPEY6qInM1AkrPQkYbWJrSp64gVk=","oMXYguM0hXmzr6w++ircO9Pea0NIj5U6/Xgtp81YQRU=","n+lcB0clkkTIKk04s95HC3YFeEOUbLK+A27rIr3nz0Q=","WkUSWwkeYhbo7QudMoKUI520ryxiXN3Xcu33dTdD06k=","yIhCyXMUG3rPh63rAEqhdJRqj4nnJcmgR/Ehzuz5zLo=","eAbmOwIkTiA6DblgK0GAjq7btIzlEtjnSQ/lj6RkyH8=","SpEuExy0kGWAjnSq34W8qCfQ9o7ie4lCswTB1DQHgGk=","QcuziJEKa0WbHtHoZtzSq8YxHwW4Cx4eXgs7iKJhHCU=","IBF7WZPCn5ZgGwq37bJvqFG+4Cg25MybgZAzf6H36hI=","DIxVaJLp6/F8ZHra7vbWDjq6+ZAgHLJlKnpdI+wafUI=","tMwV9B7Z+fmLvqzKGXNbvCRaVfEvxScJdjQtD7Hzfy0=","9Funf3LRqn06oErJFdUekd4GA9iZpgjxYrF+Ue5Bcus=","equxLtKcqicgcrwQnkyLmEyHcUyGj+XXQECkBIZBbKA=","c4KtQ+rGgrTkrSFeM7Giph8+nGpyxgnlkzmw4wTVF2M=","zfZ1pend5SEI18VKSbKSyOayDLNsyaTBNAhaRU+TogA=","Xq8R5syv0MX7htSE3+SRuM17dcKXItexKOKYoQAZV6k=","ntDuVTSGIHRYPxM3bOC+c2zHvWYznPuCEPjKtDjyFqw=","gY7c3/+g3EOd0VQgGoHUunsMN4Q/yVWGF1Dr6z4yEgk=","oE5CYbcemp+a9NYuZuICuWHmKF+BjIehSaz9mXf+VVo=","3LSFTM6LjfUQ9YF25bDFT2voQ7+6NYpaSyXt1dY9Ev8=","Jorj6FCY5OkFAvaFncQlZVQ031xJKSvvHAn3xTmV0xU=","N6zy+QhrLqy641635Ord/53vVqhMh7b+3WRbHZLI+zs=","1W3pGHWLdkTSDAvF3IOezCtTx+3iLEypZuAHMUBiw6g=","wx8g+OsOdl0TA9D4fXyfq2qajEUuGrBwg26VE70Z4Kc=","Z5DRYqzIhljAy5onh60ahRVmcFLA0jYkuzyX3Kz2HJE=","df8qK5x3NFR2+jzOnGZijE84qSeS/svarAvT+xEWW6A=","Pl7QeEmHgmkzHbvDGmqYahQ8kB5Zq6FaHWvX1OT+F8E=","jFNSMRVKkmWqIgjsN8rcrTm7mwmHgT8o6UlLUpHZeZw=","Z4KkdbybPZIAVC8kg4TsQrvHedvSBQl+uqw2O8pY/3k=","eRCZWW7e7WtQRri1vMVIruLPA8M3E2YG2W3xsBHtsoQ=","m1Clb2YRjGOw2sTHmKjWXMIcH1cfJ8doCKAqRNCe0MM=","NQzMa6kcOJx+CmirNFbQOqW8utw47jxaFdvmkojbE58=","O5d3ZsW/sX5+1POj6ZaiyMTOC3CMLa2kkWdI/Cqldu4=","PtP+XSsuH9D/yuPeKQ6SBLAOkgaOi8Z1b9U8uxp8gVU=","icMJlYfsUufucr/RRmu5c6tHzKZYzGejEYy95gbHwsw=","m8V5l6FuAJZ4G3hoSdxBtsZK4+luAC5iwH/nFRRQdzo=","5L1GyrrRuNguld16DI8BdrqbNpvPlDQA1c2mjNKi6v0=","xpDouOuQmrZfJhxTHhP0kwKxsHFhAlHmdCbQNkCDosQ=","FlkD25iNh6TB/rI6Mrl5iI6QfhfqX2L/ID4tX256SCg=","jPDu12LLI4NbPaopVPXoPrU2C261epqaAS4XnfBcNLo=","v5oogRw6n8TfjblkMuX7YQbFJx/Zyj7SspRfyDvHJuw=","ZKOsmlHomimNd97ofU0xWqcFkpaNklTLCV3joQzYB84=","8Y5d09ZLLed3v53zPEhD9WFvHodJRkS5hS8LDxBDLD4=","2cq/eQ+y75E9899of4AcXGutXJexEcETwL0W9729evI=","Je3e24H0niKyLgDHDUy/u+Zcc/B3BJXJGYstjNgrpeM=","CtFNoRHw7C8cyEG/VB7ymA3NAf0l8mnSIDGM9Yfm7oY=","FiQF/Bj8hy8YR2ZV0BAdzEeY7Dq8JAjWxx7B41evA3k=","QjJbOZRc5+D4GTX2UESBwBobXWzBuczPzC5wMFZO4FA=","9euKS8pxW0oUnlQtCxNyseR1n13LqkXAXRz0FBLS7Bc=","XliUxUEeV7tPgmBX+vIhC+sMEa9avJj0wih+EWDQlRs=","59w9hefHZUae+PNl6S9gmmG1ulNT9dIrUAd+UhagVuw=","g6BX1nmXqmKwz8S+KkqmfVEY43dE3XjHDkYScyPKxWw=","xOAfYchof04zvllf4gkcFjyZGEPPcQaKvc6oRpdhD6s=","dtPOXqplrrR8jXS4bRYXxXWlGZp/rZMQhjZ/nqsH6Go=","pb0fL21xG7T3i7r4oaXbqalZ8FqlVAQfiZEo3Z07FaM=","kjhci8fE7UcJEkr3PpDdvnG2d9V3EtpOGeDR2a72McE=","fb/Pt6nVzDjtGn3tRF8p2hpQiv5qZu030ocgxDelQr4=","HvElxpib53PDf5utqOa/fwadGjC6EfgZfhWi9/CQo8o=","IrCjR9cGmaJeaBcnsO/hPTTMHn0JaVKVfguG0zVpaw4=","hhhI1DnQdsglFlzuiNCAlpKUzcl9Q7D2Q622Bn2OQrQ=","1NNxeerw+Txn1rJaQqM2bNhRhKVMAAs7lraMDCR1Guw=","DBq+9N6ibYoNJYVGoIEHZQl7TSBR7oo7a/JmnZdZZWs=","4j9crY531JESZprjl5kZbCrQ/CBJnelUpP6LuU9Cr7w=","d5yroWaCCgXS+pymJ3guxWu8ixpFjjfgC7pmRVp26as=","0jvtfweRn14WkFxAFSAodpDpBIaYzE4wN7HO9mtXBE0=","G7O0SKjiHUOyx08Iyeep7uVsEIses0U/Ui3oZ6jWANc=","pExLH6jYWDOLOzG0LPUsv1JccJDeX6TgWnv5eijtw90=","naRRQZeucobY1XE8firC6L0b32V4YXg+EhZZQfeW74E=","WtRCqENVbeNR4oeuDF35MsnQYJdpqXhzfdC6rMiQ5JQ=","0qVEjOgpdPKzgJzA3SS4X5WMd1IhyPpCE612hzSHYUg=","yfN+5fjnS3HOfqtwo3h47oAzQdVKxJtqio6pC1XqXd8=","NFMU8UI250Mth1FzjXvNKyYmDKl2tRlf3p1TU0+43nU=","hEh5ePmdbyrV7zgzwJwrYfYIlPHQtnSFyNmRG1t2oiI=","4s8MUM9wAywUWYqkxnkLxwpw53pImgx2+JZUfDbHsm0=","pnGARtFQu2F6K3Jg68dt9p6dL3jJ57xPmXjQunym1go=","Q2GZH+VazDdIpFvzoYS3TiAtm4FATPBP9M9aNSbjtts=","lutIDylmAuiX85WqwW3IT+bXQSzIG/+1ODoqXR7Yz/Y=","q/2DJA0d/ya2ffyIgBkZe3TtsswX7BX57ViJj4jaEB8=","5Nw5QzQE1/GetEzfYUNNj1YMYrx9LtNLe3H1ZFz49LE=","4pk5MOmtzJwvLVUysnd06KQuQKeIMYsTCBK3SuQCOAU="],"block_size":4096,"path":"build/parseSourceAndMetadata.worker.worker.js"},{"block_hashes":["BAdl8j8KWH/jYfmC1QbIiWvfMAO+yhjkcRgNXfA2Ts4="],"block_size":4096,"path":"build/prepareInjection.js"},{"block_hashes":["Xc2OUHrRljgkkcLQcWrYpTjEHAcfEdQmt+DD51mpILg="],"block_size":4096,"path":"build/proxy.js"},{"block_hashes":["+hZv1gqJkYFnB/UqvaJRLkuiNaGGRtKtoqmj+rxPlho=","ig+YaLhUTdiMZJMPi2HTaQzSQxDtaVpjY9aH2Bf3H6w=","QMTarOouPrEtxgDD03/mR+kMHk0SNuVkUe875QI51lk=","le/0FJG0AUPdwcv/BLX5JaNm1APbXLBo4dXQ3tBzJIw=","9p6Kreb8gk0QTn7q+gsLb4XOXYYXUl3yl6AWNHGQpBs=","Ss6cWvYAQN/M5alrgjWKVsvX4p+xFXeJJpF0ro7bPIQ=","uHKirMs0nkF9z0TPjhgslu3KasOx48eb6bcC5BRC+2I=","PRhsdiPynQckJKUfd9q4Fn+TzhciRPmHvNfhgzixICs=","GOMNKa+QyPGzVS7GktisEvQkBA/+dleVOxQhhDtqwkw=","pL2j9LGuxaKzQDOhLdUj3Df8Im8XS+7aGy8LpkUlcfE=","KUI/fmSgBioq/mY+kJIlvz6ziIAg4gNIsJpKkTlVfh4=","fxhjmlvxtxNTVw7SnjIBl1uxuCS55JQKrMgagIpJtO8=","FFC4g2ae2nJhUdyNuWSjLxfBUf9u2XZPFydGFoN99p4=","9nRF/x5TVuz3V9Kn92wCKdgm74p2NHBSkki4fv+PuLQ=","uBSrOmCZCeDK1lzY0UViD2xRsUwkNqtQK2f94PHuhOI=","8QnhEbUGEieeqfgrsSJLsNUPxLc6UYMY/cUCsKAxLSo=","Ik4xTvCb8fp6wx9FbZMlWikebNWvg5OiXdIF9ATRfew=","y/YkL+awasZYNZsvSbQXpX2vWxYe0m8RLKgBbpssM9Q=","evm0tdVw1p2qKNF+TwiRD3jv5z12CY+f50EknOZ0cdE=","OFZ9s7YO3tKZHkk5fEppF3ArzI0Quu27R91yIzSi9Tw=","Q/WlD/Novd1248mnzQNZrBIoSCwftZnK881wF4lIAa0=","CwnofCY8WCGFXUYHRfnJKLJgyB15L9kjyDBPa6fFMaY=","pMbHeg7Qn9tQJEYp8i2seciQFrFV1ktxz/wWtHtNy3k=","ks7UenAd6mrKjEuaH+E6Mrfzv6vg7FD3Nc0xf5GuvdU=","Uh7X82OugrYaXaY7mii010QNxU83DA4eo0vVUES7RRY=","jGhq9MM1D65EgVUbiq+NNSQC0SoCU1GJboOXJ+ln6E8=","0Ajhwr1adho08xG0Zie9TKpkUrHLow6LK5o5gRWCBD4=","z1rg25eP/lWAI3OMcTfeLiEyOENUGOFsqe+QaCtO7/I=","7BqjqKNJjAfqwuPuQZ92CyqtIVq3bMF0CmOOhFn3OgA=","VL2RwKeiPssYkMxA+fHl+2CwL1tbop432F18CctT60M=","TbsUnG6kwlizNdjH78SFqvx+2sFT/I6931YtXaHSgr8=","sfguBoLE8NYyM14yanQhFtH5k1q/Dc6rMT0M7qaLJqE=","ZEEuDKWe1hivQDwgA9EfcSx5SKEWh3IdNBa1ogDGaTs=","/Mmt9sNN6hw5DDycK/Jd1Iv/F2V+F5rwiYFTyuNGIdo=","f6Cig9LLIWKywfu04iOe54pWOoOJdEYfJYN62v+8exw=","rery2jesHT79lkXioOB/bJswW/0Dav6i9jdBM6DELbI=","HxeYWskn6dyoP2U/20WYWWhYZLr+rYzjLTr/EeoegQ4=","cAOwON5tPaxc4NptqPZCWGM4OpMveNSRdfKGoceIIis=","40KPhukh6qbkRdjlDUVLLQZtwgJagMLhivEG2vWTOc4=","imRvx8kXKmoc+gDWLrK9c0q762s8jHDaUunFoHQmmtE=","/tstEo/BWhLHCNRpfjCmvAS9eFzMluyuvP/cpwUeMwE=","ctACK2pF/KbhDRwzc/j1lUSwlXVqqjXNNSVjYkrVyr0=","0hWI6vqLv+0C7yVM/dj3xQ5NIu5fQ/s6F/XJxSqPv7E=","dV1pOOiD/wTzJymdtZNlkPPPN6jtDS76zDAM4hkkQ5Q=","5LbYs6v1QG0eic+PtwZAxG6lVfzEsbalfb+CyATMsdw=","6LLjW3v/vLmLISHcbLZfa3fH2JT/RfHcqVOnd8K/qP4="],"block_size":4096,"path":"build/react_devtools_backend_compact.js"},{"block_hashes":["CXEFzIMNvTWVoDYm6VESFlar5UUAB9rHYQSuUIMYNro=","hSQKUp2JLwOY0HpLbekgebzoNMaRcW83Rno0St1rv/U=","zkpzYvbOcHJYmaBk4SMgJZcmZa8afrv5UW2w1LyFlKY=","WhYceFn781XI2p1Vgze9Re2BcegKF52AlNZ77UlYY1Q=","czI3e0gPjDn1o99tKdD5msP1bl8b0T5mTY5DHd5b1FA=","uW3TfcptkPJe1t/BQ8EiiNVsB3Jy9M99VB7R1Cp/9m4=","vBI16mwSzjg859hMXfcVTTsX6pCG7FNaW9N/qwwUOgI=","mSoYVC+EMvcSFmJbt59f3uEgNYuMnRljw8yeVjlc1F0=","u8KZbRCCwsynZIVZVro1huEzVx7xaydecseCfeiHnWA=","GoSgTZfyc1CukZbYITXsv9WAZopBTRitkHCDEBoJubU=","QJW6KVYTBWAAHQ4rMzSN2uVjVxe1N+ZM7KBYPTsyCo4=","TolwEQ6tP7Fz8eHCtGWiHx9vW+Zs7wssOlaqffq1MLg=","026jssCnbBYypA+P2jPnTfszqO2Uzb53D7kjQVZSI+U=","d3I5fZsLQxSancwXVHfaIOv9SOA4BXAuZtoWky97QxQ=","FfYU/ntHav+fz/5YnaIOXXGQw1Aj2v+dQWxiqg+qS30=","G0hZ7htT7KG0sVtNJ/PEpZhJEK0PiX5hZK4AwDHERR8=","QKa2L+B/69YitQeVkmLYBIfXg2iogw2QXoSFpZIyLi4=","3eG1qjvsf3bE87ihLJucOvtPIU7j0VjPKe8KcRn9U3s=","AAhm/KV2Rap/xLyv50aoJP7R2885whEvduTWVTZgPH0=","zojvz98d5sllYXvMon70Xm/U9hj7FhGkFdIAS94+r9M=","hhUHua5N10R4b0giBiymwtN0lrZxwLDlMgSuO7X74dY=","gcWACC4tiZk/uYDQABx0QEy81lH1JTAb6+GhDauOOMI=","PclFoZHjdcNw+Oam3Gs73l98pGH5+mzRX28rX1KUF2c=","RgblAGzZfg6cZb4C/n5o/+Z3h/1rNf7gTO++r9D17K4=","QrKswkH5SOrn5Sct4os2ko7n47sZ/n0Hhn2uLovd9ZU=","+JC7DlYq7BJXSrkNZtwBlH+48JTs8l1Uyts3VSU+DIE=","9XkLqcNmuC3e86naqvB30DNlcb85rcHLnCIaA71obtk=","6zBrJijtDq94Q8uDjTYQ1eg97Vh2QYIvlnfBO7mudqE=","o0nztbQ5yRsz44id06yWgGk/yKu5WoGOO3w7fKKFT7E=","7TR/RIBTI/nIAK6JK3t8kvDUuWV7tEcf+DXe+DAxTfs=","jQ0eBVqrjnywL4xgH7Vu/LrewkQf+UH8GWqUdM70G5w=","2MygSVEqrcggFXmc9egXm3W7L4zd6PSRnzIww1EMlKc=","Tc3MOAR3DSFjRNSnPdFRB69uzeRioU6oKsinkAaTGbI=","cvTKIbkDMisuS58IB4eWJ8QYqB7JtQPPWuB+4eZ5ZmQ=","NCyk/LWPNiLrX63abDHnOyZygiUCR2HYHAODd4D1ps4=","tJXwHqt1+bW91w/J+oEc1TzZUpknKvRGgrxXV6uZkkQ=","Po3lI4b3ok/U2uZcEWLw4ZsUxUXd1Mhb9owBIrTe4L4=","gFPqHrv1UyEz7J6cuuIRLdjugCHfA/TKjxfMSyA09Tg=","ir3hQYLQQ5Tf52qzoIol3eL6wOQ6tExMv+OjjIXfL4k=","GVEJ2sX4+2iZMYfGNBvuxJ5ggjtFJut1qBzyEOon7Ic=","Vjg01c0LPiNkTkS4/+2x/y3J9IhNXlSUOd2VUdVB3Ik=","4rBail6XdH5nMxbr+7M8vJRYAO3f36Z+/TFeBj6yD7g=","WAVlYRmDB8Ql+GlozocHVcoUOEoUJhl4p5FcTXV6rck=","5YnalggoSy+CtSFceXaxoHWXsi98XFmenxEodQf94MU=","/pB+WhiYTvXHZr2bwv5Y4ckyq4DntvpIbXH30sk/jBs="],"block_size":4096,"path":"build/react_devtools_backend_compact.js.map"},{"block_hashes":["4+TOVJYEZSpqVzVQ80s5lJktfXC/05v2n8MM/Xabdfg="],"block_size":4096,"path":"icons/128-deadcode.png"},{"block_hashes":["4+TOVJYEZSpqVzVQ80s5lJktfXC/05v2n8MM/Xabdfg="],"block_size":4096,"path":"icons/128-development.png"},{"block_hashes":["7K+tc6MW3eY4kf033X9+6fmXb59bUvGyZbkKIPgaNeA="],"block_size":4096,"path":"icons/128-outdated.png"},{"block_hashes":["y94rlzYkrXhfN1I+/sypchgTNU8qfiHs0wVWCswTjAY="],"block_size":4096,"path":"icons/128-restricted.png"},{"block_hashes":["4+TOVJYEZSpqVzVQ80s5lJktfXC/05v2n8MM/Xabdfg="],"block_size":4096,"path":"icons/128-unminified.png"},{"block_hashes":["cFkCwA3Fz0rIXZ6sUSoXsuC7Qn3JjLLMjxkyKpVgAHY="],"block_size":4096,"path":"icons/16-deadcode.png"},{"block_hashes":["cFkCwA3Fz0rIXZ6sUSoXsuC7Qn3JjLLMjxkyKpVgAHY="],"block_size":4096,"path":"icons/16-development.png"},{"block_hashes":["DIZporR8pUF+A+SOjPykGAZQp/wyYhir7Z9/39hGgNs="],"block_size":4096,"path":"icons/16-outdated.png"},{"block_hashes":["Ex6f8kfo6SVzURKbIDcJ2KiiVIj3FZtJjWYbqFEO/X4="],"block_size":4096,"path":"icons/16-restricted.png"},{"block_hashes":["cFkCwA3Fz0rIXZ6sUSoXsuC7Qn3JjLLMjxkyKpVgAHY="],"block_size":4096,"path":"icons/16-unminified.png"},{"block_hashes":["U7QpyRQUvuP+JVMoAp7/UT8XL//EH9Y9laqttpfOcaU="],"block_size":4096,"path":"icons/32-deadcode.png"},{"block_hashes":["U7QpyRQUvuP+JVMoAp7/UT8XL//EH9Y9laqttpfOcaU="],"block_size":4096,"path":"icons/32-development.png"},{"block_hashes":["MiBq2ZWd9Kp5D5Rkm3PGlydphleYwB8OvalVGjNkiAg="],"block_size":4096,"path":"icons/32-outdated.png"},{"block_hashes":["EUHfac8dGYXEn3lbZay6V+TSOZ5v9Quz5r3AtxDyeAQ="],"block_size":4096,"path":"icons/32-restricted.png"},{"block_hashes":["U7QpyRQUvuP+JVMoAp7/UT8XL//EH9Y9laqttpfOcaU="],"block_size":4096,"path":"icons/32-unminified.png"},{"block_hashes":["VGwCYKtaA8MHXpJ4lWAZIUu2Qz3iZsb5W3AhwBFQcOI="],"block_size":4096,"path":"icons/48-deadcode.png"},{"block_hashes":["VGwCYKtaA8MHXpJ4lWAZIUu2Qz3iZsb5W3AhwBFQcOI="],"block_size":4096,"path":"icons/48-development.png"},{"block_hashes":["1Gy4Tf3XabpP8GUTyrhsjjXdO1xITNoLrUvwFottOlA="],"block_size":4096,"path":"icons/48-outdated.png"},{"block_hashes":["Dd/yFREj4CLgB+CVdqawMMOAIdD//HVG8MmhuFKYE+I="],"block_size":4096,"path":"icons/48-restricted.png"},{"block_hashes":["VGwCYKtaA8MHXpJ4lWAZIUu2Qz3iZsb5W3AhwBFQcOI="],"block_size":4096,"path":"icons/48-unminified.png"},{"block_hashes":["rMZnMyVDzUkQl7KB/TW9Sb9DV2jUyyq49Xl0AHJ1YxM="],"block_size":4096,"path":"icons/deadcode.svg"},{"block_hashes":["rMZnMyVDzUkQl7KB/TW9Sb9DV2jUyyq49Xl0AHJ1YxM="],"block_size":4096,"path":"icons/development.svg"},{"block_hashes":["J5MQwt/ocfP2qHXvPVz7iSLTf67rnBJ+wxKu6+HFHNM="],"block_size":4096,"path":"icons/disabled.svg"},{"block_hashes":["193k33vjSLNB1NgMqH4i+R76axGyy+UmUTSIbhZvSJI="],"block_size":4096,"path":"icons/outdated.svg"},{"block_hashes":["EPxpqHAOHG9pQKG1rXzTIfcvq/jMF1SLQGx5oTdbaP8="],"block_size":4096,"path":"icons/production.svg"},{"block_hashes":["J5MQwt/ocfP2qHXvPVz7iSLTf67rnBJ+wxKu6+HFHNM="],"block_size":4096,"path":"icons/restricted.svg"},{"block_hashes":["s79DjXDmvx7mgrHVMrjhwrg4Y7IF2wbnQLDruCKhTYM="],"block_size":4096,"path":"main.html"},{"block_hashes":["S06nv2+56atDrfIZpa0+qiXN3ELqrA/jvkt5Qxw19lA="],"block_size":4096,"path":"panel.html"},{"block_hashes":["aRZLv2a5+t3+dP3SN+oWRQIJpIoOj7+ObR5tajF/YZ0="],"block_size":4096,"path":"popups/deadcode.html"},{"block_hashes":["dlZ5ajWAp8HCj6VXlOpkAhlHyFrrhXVyDZjTwJkikDE="],"block_size":4096,"path":"popups/development.html"},{"block_hashes":["gg5WTBEgzTKszCrL2w3smrNJVpEf/7pypM53cfxI/Uw="],"block_size":4096,"path":"popups/disabled.html"},{"block_hashes":["ZXrhBSzGALVF2Up4BNGiwQ1jNpzkXfIM88SDVzZqwHc="],"block_size":4096,"path":"popups/outdated.html"},{"block_hashes":["QFaMamssrmNNY0Wfk5Y8Oh61CPlvKite7EVkObOkpVI="],"block_size":4096,"path":"popups/production.html"},{"block_hashes":["9vPVPwXoVyO2hby5xPbdXsAlIJZEP4VRXdflo6CNyT4="],"block_size":4096,"path":"popups/restricted.html"},{"block_hashes":["mTY8h5u/dYe2svSwZ9N3EWofNG8CeEadlqYl7Xj51Cw="],"block_size":4096,"path":"popups/shared.css"},{"block_hashes":["4Abn9cgCDvm+PwdZ00yc9RTRi/4/E3Ep7x2vy5Ad4ko="],"block_size":4096,"path":"popups/shared.js"},{"block_hashes":["U81VVO+hypIRp4QRTMMsqIvTNj4yuYy7UtsaKY/Hi1s="],"block_size":4096,"path":"popups/unminified.html"}],"version":2}